Rank,Category,Word,Synonym,Preposition,Case,Meaning_EN,Example_German,Example_English,Level,Grammar_Notes,Tags
V-001,Verb,kommen,,zu,+ Dat.,to arrive at (a conclusion) / to come to,Nach langer Diskussion kamen wir zu einem Entschluss.,After a long discussion we came to a decision.,B1,"Often used with abstract nouns: zum Schluss kommen, zur Ruhe kommen.",level::B1 category::verb prep::zu case::dat
V-002,Verb,ankommen,,auf,+ Akk.,to depend on / to be a matter of,"Es kommt auf das Wetter an, ob wir grillen.",It depends on the weather whether we have a barbecue.,A2,Impersonal expression 'es kommt an auf...'. Synonymous with 'abhängen von'.,level::A2 category::verb prep::auf case::akk
V-003,Verb,kommen,,auf,+ Akk.,to think of / to hit upon (an idea or solution),Wie bist du denn auf diese geniale Idee gekommen?,How did you come up with this brilliant idea?,B1,Idiomatic for suddenly getting an idea or remembering something.,level::B1 category::verb prep::auf case::akk
V-004,Verb,ausgehen,,von,+ Dat.,to assume / to start from (a premise),Wir gehen von einem erfolgreichen Abschluss aus.,We assume a successful conclusion.,B1,Very common in academic and formal German for stating assumptions.,level::B1 category::verb prep::von case::dat
V-005,Verb,gehen,,um,+ Akk.,to be about / to concern,In diesem Film geht es um eine mutige Detektivin.,This movie is about a courageous detective.,A2,Impersonal phrase: 'Es geht um + Akk.' Crucial for summarizing texts or plots.,level::A2 category::verb prep::um case::akk
V-006,Verb,entstehen,,aus,+ Dat.,to arise from / to develop out of,Aus einem kleinen Missverständnis entstand aus der Streit.,From a small misunderstanding arose the dispute.,B2,Indicates the source or root cause of a development.,level::B2 category::verb prep::aus case::dat
V-007,Verb,stehen,,zu,+ Dat.,to have an opinion on / to stand by,Wie stehst du zu dem neuen Vorschlag?,What is your stance on the new proposal?,B1,Expresses someone's attitude or commitment toward a topic or person.,level::B1 category::verb prep::zu case::dat
V-008,Verb,absehen,,von,+ Dat.,to refrain from / to disregard,Die Polizei sah diesmal von einer Geldstrafe ab.,The police refrained from a fine this time.,B2,Often used in the fixed idiom 'abgesehen von + Dat' (apart from / aside from).,level::B2 category::verb prep::von case::dat
V-009,Verb,ansehen,,als,+ Akk.,to regard as / to consider as,Er sieht sie als seine beste Ratgeberin an.,He regards her as his best advisor.,B1,'Als' takes the same case as the object ('sie' = Akk -> 'seine beste Ratgeberin' = Akk).,level::B1 category::verb prep::als case::akk
V-010,Verb,sich einlassen,,auf,+ Akk.,to get involved in / to agree to (a venture or risk),Er wollte sich nicht auf dieses riskante Geschäft einlassen.,He did not want to get involved in this risky business.,B2,Reflexive verb (sich einlassen). Implies willingness to engage in something uncertain.,level::B2 category::verb prep::auf case::akk
V-011,Verb,denken,,über,+ Akk.,to have an opinion about / to reflect on,Was denkst du eigentlich über seinen Vorschlag?,What do you actually think about his proposal?,A2,Expresses an opinion or judgment (synonymous with 'meinen zu').,level::A2 category::verb prep::über case::akk
V-012,Verb,nachdenken,,über,+ Akk.,to ponder / to reflect on in depth,Ich muss in Ruhe über dieses Angebot nachdenken.,I need to reflect on this offer in peace.,A2,"Separable verb: implies deeper, continuous contemplation than 'denken an'.",level::A2 category::verb prep::über case::akk
V-013,Verb,denken,,an,+ Akk.,to think of / to remember,Ich muss jeden Tag an dich denken.,I have to think of you every single day.,A1,"Refers to having someone/something in mind, or remembering to do something.",level::A1 category::verb prep::an case::akk
V-014,Verb,abnehmen,,an,+ Dat.,to decrease in / to lose (quality/measure),Die Begeisterung nimmt leider an Intensität ab.,The enthusiasm is unfortunately decreasing in intensity.,B2,Opposite of 'zunehmen an'. Takes Dativ.,level::B2 category::verb prep::an case::dat
V-015,Verb,zunehmen,,an,+ Dat.,to increase in / to gain in,Der Sturm nimmt stetig an Stärke zu.,The storm is steadily increasing in strength.,B2,Used with abstract qualities: an Bedeutung zunehmen (gain importance).,level::B2 category::verb prep::an case::dat
V-016,Verb,teilnehmen,,an,+ Dat.,to participate in / to take part in,Viele Studenten nehmen an dem Sprachkurs teil.,Many students take part in the language course.,A2,Separable verb (teil|nehmen). Always takes 'an + Dativ'.,level::A2 category::verb prep::an case::dat
V-017,Verb,glauben,,an,+ Akk.,to believe in,Sie glaubt fest an das Gute im Menschen.,She firmly believes in the good in people.,A2,Note: 'jemandem (Dat) glauben' means to believe someone's words; 'an + Akk glauben' means to have faith in.,level::A2 category::verb prep::an case::akk
V-018,Verb,sich halten,,an,+ Akk.,"to abide by / to adhere to (rules, agreements)",Alle Autofahrer müssen sich an das Tempolimit halten.,All drivers must adhere to the speed limit.,B1,Reflexive verb (sich halten). Meaning: sticking strictly to a guideline.,level::B1 category::verb prep::an case::akk
V-019,Verb,halten,,für,+ Akk.,to consider to be / to deem to be,Ich halte diesen Plan für eine ausgezeichnete Idee.,I consider this plan an excellent idea.,B1,Takes Akkusativ for both the direct object and the prepositional phrase.,level::B1 category::verb prep::für case::akk
V-020,Verb,halten,,von,+ Dat.,to think of / to have an opinion of,Was hältst du von meinem neuen Haarschnitt?,What do you think of my new haircut?,A2,Standard conversational formula: 'Was hältst du von...?',level::A2 category::verb prep::von case::dat
V-021,Verb,bringen,,um,+ Akk.,to deprive of / to rob someone of,Der ständige Lärm bringt mich um den Schlaf.,The constant noise robs me of my sleep.,B2,Idiom: 'jemanden um den Verstand / Schlaf bringen'.,level::B2 category::verb prep::um case::akk
V-022,Verb,bringen,,zu,+ Dat.,to lead someone to / to prompt someone to,Was hat dich zu dieser schweren Entscheidung gebracht?,What prompted you to make this difficult decision?,B1,Often used with a direct object: jemanden zu etwas bringen.,level::B1 category::verb prep::zu case::dat
V-023,Verb,führen,,zu,+ Dat.,to lead to / to result in,Harte Arbeit führt oft zu großem Erfolg.,Hard work often leads to great success.,A2,Cause-and-effect relationship. Very high frequency in writing.,level::A2 category::verb prep::zu case::dat
V-024,Verb,absprechen,,mit,+ Dat.,to coordinate with / to agree on with,Ich spreche den Urlaubsplan mit meinen Kollegen ab.,I coordinate the vacation schedule with my colleagues.,B1,Separable verb (ab|sprechen). To mutually arrange or agree.,level::B1 category::verb prep::mit case::dat
V-025,Verb,sprechen,,von,+ Dat.,to speak of / to mention / to tell of,Mein Großvater spricht oft von seinen alten Freunden.,My grandfather often speaks of his old friends.,A2,Focuses on referring to or recalling someone or an experience.,level::A2 category::verb prep::von case::dat
V-026,Verb,sprechen,,mit,+ Dat.,to speak with / to converse with,Hast du schon mit deiner Lehrerin gesprochen?,Have you already spoken with your teacher?,A1,Always takes 'mit + Dativ' for the conversational partner.,level::A1 category::verb prep::mit case::dat
V-027,Verb,sprechen,,über,+ Akk.,to talk about (a topic/subject),Wir müssen dringend über unsere Zukunft sprechen.,We urgently need to talk about our future.,A1,Focuses on the content of the conversation.,level::A1 category::verb prep::über case::akk
V-028,Verb,zeigen,,auf,+ Akk.,to point at / to,Das kleine Kind zeigte auf den bunten Schmetterling.,The little child pointed at the colorful butterfly.,A2,Physical pointing gesture with finger or indicator.,level::A2 category::verb prep::auf case::akk
V-029,Verb,leben,,für,+ Akk.,"to live for (a passion, purpose)",Sie lebt ganz für ihre Musik und ihre Kunst.,She lives entirely for her music and her art.,B1,Expresses true life dedication or passion.,level::B1 category::verb prep::für case::akk
V-030,Verb,leben,,von,+ Dat.,to live on / to subsist on,Er kann kaum von seinem geringen Einkommen leben.,He can barely live on his meager income.,A2,Financial subsistence or sustenance.,level::A2 category::verb prep::von case::dat
V-031,Verb,fahren,,mit,+ Dat.,to travel by / to ride with (means of transport),Morgens fahre ich am liebsten mit der U-Bahn.,In the morning I prefer traveling by subway.,A1,"All vehicles in German take 'mit + Dativ' (mit dem Bus, mit dem Zug).",level::A1 category::verb prep::mit case::dat
V-032,Verb,fragen,,nach,+ Dat.,to ask about / to inquire after,Ein Tourist fragte mich nach dem kürzesten Weg zum Bahnhof.,A tourist asked me for the shortest way to the station.,A1,Standard formula: jemanden (Akk) nach etwas (Dat) fragen.,level::A1 category::verb prep::nach case::dat
V-033,Verb,fragen,,um,+ Akk.,to ask for (advice / help),Sie fragte ihren Mentor um Rat in dieser Angelegenheit.,She asked her mentor for advice in this matter.,B1,Most commonly in the fixed idiom 'um Rat fragen'.,level::B1 category::verb prep::um case::akk
V-034,Verb,gelten,,für,+ Akk.,to apply to / to be valid for,Diese Sonderregelung gilt nur für neue Kunden.,This special regulation applies only to new customers.,B1,"Denotes the scope of validity of rules, laws, tickets.",level::B1 category::verb prep::für case::akk
V-035,Verb,gelten,,als,+ Nom.,to be considered as / to count as,Er gilt weltweit als führender Experte für KI.,He is considered worldwide as a leading expert in AI.,B1,'Als' takes Nominative when referring to the grammatical subject.,level::B1 category::verb prep::als case::nom
V-036,Verb,sich einstellen,,auf,+ Akk.,to adapt to / to prepare oneself for,Wir müssen uns auf plötzliche Veränderungen einstellen.,We must adapt to sudden changes.,B1,Reflexive verb (sich einstellen auf). Mentally getting ready for something.,level::B1 category::verb prep::auf case::akk
V-037,Verb,spielen,,um,+ Akk.,"to play for (money, stakes, championship)",Die beiden Teams spielen um den Meistertitel.,Both teams are playing for the championship title.,B1,Specifies the prize or stake at risk in a game.,level::B1 category::verb prep::um case::akk
V-038,Verb,spielen,,mit,+ Dat.,to play with,Die Katze spielt begeistert mit dem Wollknäuel.,The cat enthusiastically plays with the ball of yarn.,A1,Literal or figurative ('mit dem Feuer spielen' = to play with fire).,level::A1 category::verb prep::mit case::dat
V-039,Verb,arbeiten,,bei,+ Dat.,to work at / for (an employer or company),Mein Bruder arbeitet schon seit fünf Jahren bei BMW.,My brother has been working at BMW for five years.,A1,Used for the company/institution that employs someone.,level::A1 category::verb prep::bei case::dat
V-040,Verb,arbeiten,,für,+ Akk.,"to work for (a client, employer, or cause)",Sie arbeitet als freie Journalistin für verschiedene Zeitungen.,She works as a freelance journalist for various newspapers.,A2,Emphasizes the beneficiary or contracting party.,level::A2 category::verb prep::für case::akk
V-041,Verb,arbeiten,,an,+ Dat.,"to work on (a project, task, book)",Die Wissenschaftler arbeiten an einem neuen Impfstoff.,The scientists are working on a new vaccine.,A2,Always Dativ when indicating the task or project being worked upon.,level::A2 category::verb prep::an case::dat
V-042,Verb,folgen,,aus,+ Dat.,to follow from / to result from,Aus dieser Analyse folgt aus den Daten eine klare Warnung.,"From this analysis, a clear warning follows from the data.",B2,"Logical consequence: 'Daraus folgt, dass...'",level::B2 category::verb prep::aus case::dat
V-043,Verb,lernen,,aus,+ Dat.,"to learn from (a mistake, experience)",Kluge Menschen lernen aus ihren eigenen Fehlern.,Smart people learn from their own mistakes.,A2,Indicates the source of wisdom or lesson.,level::A2 category::verb prep::aus case::dat
V-044,Verb,sich verstehen,,mit,+ Dat.,to get along with (someone),Ich verstehe mich hervorragend mit meinem neuen Mitbewohner.,I get along great with my new roommate.,A2,Reflexive verb (sich gut/schlecht verstehen mit).,level::A2 category::verb prep::mit case::dat
V-045,Verb,verstehen,,unter,+ Dat.,to understand by (a concept or definition),Was verstehen Sie genau unter dem Begriff Nachhaltigkeit?,What exactly do you understand by the concept of sustainability?,B1,Used when asking for definitions or subjective interpretations.,level::B1 category::verb prep::unter case::dat
V-046,Verb,sich einsetzen,,für,+ Akk.,to advocate for / to champion / to stand up for,Die Organisation setzt sich entschlossen für den Tierschutz ein.,The organization resolutely advocates for animal welfare.,B1,Reflexive verb (sich einsetzen für). Dedicating active effort to a cause.,level::B1 category::verb prep::für case::akk
V-047,Verb,sich auseinandersetzen,,mit,+ Dat.,to deal with / to grapple with / to examine,Der Philosoph setzt sich tiefgehend mit ethischen Fragen auseinander.,The philosopher grapples profoundly with ethical questions.,B2,Crucial academic verb for critical engagement with a subject.,level::B2 category::verb prep::mit case::dat
V-048,Verb,beginnen,,mit,+ Dat.,to begin with / to start with,Wir beginnen die Besprechung mit einer kurzen Vorstellungsrunde.,We start the meeting with a short round of introductions.,A1,Synonymous with 'anfangen mit + Dat'.,level::A1 category::verb prep::mit case::dat
V-049,Verb,erzählen,,über,+ Akk.,to tell / report about (factual topic or detailed info),Der Reiseleiter erzählte viel Interessantes über die alte Burg.,The tour guide told many interesting things about the old castle.,A2,'über + Akk' focuses on specific facts/details of a subject.,level::A2 category::verb prep::über case::akk
V-050,Verb,erzählen,,von,+ Dat.,to tell about / to narrate (events or experiences),Oma erzählte uns stundenlang von ihrer Jugend auf dem Land.,Grandma told us for hours about her youth in the countryside.,A1,General recounting of memories or stories.,level::A1 category::verb prep::von case::dat
V-051,Verb,schreiben,,an,+ Dat.,"to work on writing (a book, dissertation, article)",Der bekannte Schriftsteller schreibt schon seit Jahren an einem neuen Roman.,The famous author has been working on writing a new novel for years.,B1,Note the contrast: 'an + Dat' means being in the process of composing a work!,level::B1 category::verb prep::an case::dat
V-052,Verb,schreiben,,über,+ Akk.,to write about (a topic),Er schreibt seine Masterarbeit über erneuerbare Energien.,He is writing his master's thesis about renewable energy.,A2,Denotes the theme or topic of the written piece.,level::A2 category::verb prep::über case::akk
V-053,Verb,schreiben,,an,+ Akk.,to write to (a recipient),Sie schreibt eine lange Nachricht an ihre beste Freundin.,She is writing a long message to her best friend.,A1,Recipient takes Akkusativ: 'an + Akk' (alternatively just Dativ without prep).,level::A1 category::verb prep::an case::akk
V-054,Verb,sich handeln,,um,+ Akk.,to be a matter of / to concern (essential nature),Bei dieser Angelegenheit handelt es sich um ein ernstes Problem.,"In this matter, it is a serious problem.",B1,Impersonal reflexive: always 'es handelt sich um + Akk'. Used for formal definitions.,level::B1 category::verb prep::um case::akk
V-055,Verb,handeln,,von,+ Dat.,"to be about (plot, theme of a story/book/movie)",Das Lied handelt von einer bittersüßen Liebe im Sommer.,The song is about a bittersweet love in summer.,A2,Active verb: 'Das Buch handelt von...'. Do not confuse with 'es handelt sich um'!,level::A2 category::verb prep::von case::dat
V-056,Verb,handeln,,mit,+ Dat.,"to trade in / to deal with (goods, commodities)",Der Händler handelt mit edlen Weinen und Antiquitäten.,The merchant trades in fine wines and antiques.,B1,Commerce and business transactions.,level::B1 category::verb prep::mit case::dat
V-057,Verb,gehören,,zu,+ Dat.,"to belong to / to be part of (a group, set, or category)",Kaffee gehört für viele zu einem perfekten Morgen.,"For many, coffee belongs to a perfect morning.",A2,Membership or integral part. Note: simple ownership is 'etwas gehört jemandem (Dat)' without prep.,level::A2 category::verb prep::zu case::dat
V-058,Verb,bitten,,um,+ Akk.,to ask for / to request,Darf ich Sie um einen kurzen Augenblick Geduld bitten?,May I ask you for a brief moment of patience?,A2,Formula: jemanden (Akk) um etwas (Akk) bitten. Crucial polite request phrasing.,level::A2 category::verb prep::um case::akk
V-059,Verb,warten,,mit,+ Dat.,to hold off on / to delay doing something,"Wir sollten mit dem Kauf noch warten, bis die Preise sinken.",We should hold off on the purchase until prices drop.,B1,Indicates postponing an action: 'mit der Entscheidung warten'.,level::B1 category::verb prep::mit case::dat
V-060,Verb,warten,,auf,+ Akk.,to wait for,Wir warten schon seit einer halben Stunde auf den verspäteten Zug.,We have been waiting for the delayed train for half an hour.,A1,Preposition 'auf' always takes Akkusativ here. Never use 'für'!,level::A1 category::verb prep::auf case::akk
V-061,Verb,bestehen,,in,+ Dat.,to consist in / to lie in (the essence of),Die Schwierigkeit besteht in der genauen Umsetzung des Plans.,The difficulty lies in the exact implementation of the plan.,B2,Defines the core essence or nature of an abstract issue.,level::B2 category::verb prep::in case::dat
V-062,Verb,bestehen,,aus,+ Dat.,to consist of / to be made of,Das Team besteht aus fünf erfahrenen Entwicklern.,The team consists of five experienced developers.,A2,Physical components or group members.,level::A2 category::verb prep::aus case::dat
V-063,Verb,bestehen,,auf,+ Dat.,to insist on,Der Gast bestand unnachgiebig auf seinem Recht auf Rückerstattung.,The guest unyieldingly insisted on his right to a refund.,B1,"In modern German, 'bestehen auf' predominantly takes Dativ.",level::B1 category::verb prep::auf case::dat
V-064,Verb,suchen,,nach,+ Dat.,to search for / to look for,Die Forscher suchen intensiv nach einer Heilung für die Krankheit.,The researchers are searching intensively for a cure for the disease.,A2,Note: 'etwas suchen' (direct object Akk) is common for objects; 'suchen nach + Dat' emphasizes ongoing quest/effort.,level::A2 category::verb prep::nach case::dat
V-065,Verb,hoffen,,auf,+ Akk.,to hope for,Die Landwirte hoffen dringend auf ergiebigen Regen.,The farmers are urgently hoping for plentiful rain.,A2,Always takes 'auf + Akkusativ'. Never 'für'!,level::A2 category::verb prep::auf case::akk
V-066,Verb,achten,,auf,+ Akk.,to pay attention to / to watch out for,Beim Überqueren der Straße musst du auf den Verkehr achten.,When crossing the street you have to pay attention to the traffic.,A2,Active attentiveness or care (e.g. auf die Ernährung achten).,level::A2 category::verb prep::auf case::akk
V-067,Verb,antworten,,auf,+ Akk.,to reply to / to answer (a question or message),Er hat noch immer nicht auf meine dringende Frage geantwortet.,He still hasn't answered my urgent question.,A1,jemandem (Dat) auf etwas (Akk) antworten. Contrast: 'etwas beantworten' takes direct Akk object.,level::A1 category::verb prep::auf case::akk
V-068,Verb,danken,,für,+ Akk.,to thank for,Ich danke dir von ganzem Herzen für deine großzügige Unterstützung.,I thank you with all my heart for your generous support.,A1,Formula: jemandem (Dat) für etwas (Akk) danken.,level::A1 category::verb prep::für case::akk
V-069,Verb,rechnen,,mit,+ Dat.,to count on / to expect / to anticipate,Im Winter muss man jederzeit mit glatten Straßen rechnen.,In winter one must expect slippery roads at any time.,B1,"Anticipating a condition, event, or problem.",level::B1 category::verb prep::mit case::dat
V-070,Verb,fehlen,,an,+ Dat.,to lack / to be deficient in,In dem Projekt fehlt es vor allem an qualifizierten Mitarbeitern.,"In the project, there is primarily a lack of qualified employees.",B1,Often used impersonally: 'Es fehlt an + Dat'.,level::B1 category::verb prep::an case::dat
V-071,Verb,passen,,auf,+ Akk.,to fit onto / to fit (physically),Der Deckel passt genau auf diese kleine Dose.,The lid fits exactly onto this small tin.,B1,Physical fit or attachment onto a surface/opening.,level::B1 category::verb prep::auf case::akk
V-072,Verb,passen,,zu,+ Dat.,to match / to suit / to go well with,Dieser dunkle Gürtel passt perfekt zu deinen neuen Schuhen.,This dark belt goes perfectly with your new shoes.,A2,"Compatibility in style, character, or harmony.",level::A2 category::verb prep::zu case::dat
V-073,Verb,vertrauen,,auf,+ Akk.,to trust in / to rely on,Sie vertraut voll und ganz auf ihre eigene Intuition.,She trusts completely in her own intuition.,B1,Can take simple Dativ (jemandem vertrauen) or 'auf + Akk' for strong reliance/faith.,level::B1 category::verb prep::auf case::akk
V-074,Verb,leiden,,an,+ Dat.,to suffer from (a specific medical illness or disease),Der Patient leidet seit seiner Kindheit an schwerem Asthma.,The patient has suffered from severe asthma since childhood.,B1,CRUCIAL CONTRAST: 'leiden an + Dat' is reserved for diagnostic illnesses/diseases.,level::B1 category::verb prep::an case::dat
V-075,Verb,leiden,,unter,+ Dat.,"to suffer under (difficult circumstances, stress, noise, loneliness)",Viele Großstädter leiden unter dem ständigen Lärm und der Hektik.,Many city dwellers suffer under the constant noise and hectic pace.,B1,CRUCIAL CONTRAST: 'leiden unter + Dat' is used for environmental or situational conditions.,level::B1 category::verb prep::unter case::dat
V-076,Verb,zweifeln,,an,+ Dat.,to doubt / to have doubts about,Niemand im Kollegium zweifelt an seiner außergewöhnlichen Kompetenz.,No one on the faculty doubts his extraordinary competence.,B1,Always takes 'an + Dativ'.,level::B1 category::verb prep::an case::dat
V-077,Verb,sich freuen,,über,+ Akk.,to be pleased / happy about (a PRESENT or PAST event/gift),Ich habe mich sehr über deinen liebevollen Brief gefreut.,I was very pleased about your loving letter.,A1,PRESENT/PAST ONLY: reaction to something that has occurred or already arrived.,level::A1 category::verb prep::über case::akk
V-078,Verb,sich freuen,,auf,+ Akk.,to look forward to (a FUTURE event),Wir freuen uns schon riesig auf den bevorstehenden Urlaub.,We are already looking forward very much to the upcoming vacation.,A1,FUTURE TIME ONLY: anticipation of something yet to happen. Always Akkusativ.,level::A1 category::verb prep::auf case::akk
V-079,Verb,sich interessieren,,für,+ Akk.,to be interested in,Interessierst du dich eigentlich für klassische Architektur?,Are you actually interested in classical architecture?,A1,Reflexive verb with Akk. object (sich) and 'für + Akk'.,level::A1 category::verb prep::für case::akk
V-080,Verb,sich erinnern,,an,+ Akk.,to remember / to recall,Erinnert ihr euch noch an unseren ersten gemeinsamen Schultag?,Do you still remember our first school day together?,A2,Reflexive: 'sich erinnern an + Akk'. Active form 'jemanden an etwas erinnern' = to remind someone of something.,level::A2 category::verb prep::an case::akk
V-081,Verb,sich kümmern,,um,+ Akk.,to take care of / to look after / to attend to,Wer kümmert sich während deiner Abwesenheit um die Haustiere?,Who will take care of the pets during your absence?,A2,Taking responsibility for someone or dealing with a task.,level::A2 category::verb prep::um case::akk
V-082,Verb,sich ärgern,,über,+ Akk.,to be annoyed / irritated / angry about,Sie ärgert sich maßlos über den unzuverlässigen Handwerker.,She is exceedingly annoyed about the unreliable craftsman.,A2,Reflexive emotional state. Always 'über + Akkusativ'.,level::A2 category::verb prep::über case::akk
V-083,Verb,sich beschäftigen,,mit,+ Dat.,to occupy oneself with / to be busy with,In ihrer Freizeit beschäftigt sie sich gern mit Malerei.,In her free time she likes to occupy herself with painting.,A2,Dedicated activity or hobby. Always takes 'mit + Dativ'.,level::A2 category::verb prep::mit case::dat
V-084,Verb,sich bewerben,,um,+ Akk.,"to apply for (a job, position, scholarship)",Er bewirbt sich um ein Stipendium an einer angesehenen Universität.,He is applying for a scholarship at a prestigious university.,A2,The target role or prize takes 'um + Akkusativ'.,level::A2 category::verb prep::um case::akk
V-085,Verb,sich bewerben,,bei,+ Dat.,"to apply to / at (a company, institution)",Sie hat sich bei einer internationalen Bank beworben.,She applied at an international bank.,A2,The target organization/company takes 'bei + Dativ'.,level::A2 category::verb prep::bei case::dat
V-086,Verb,sich gewöhnen,,an,+ Akk.,to get used to / to accustom oneself to,Ich kann mich einfach nicht an den frühen Wecker gewöhnen.,I simply cannot get used to the early alarm clock.,A2,Always takes 'an + Akkusativ'.,level::A2 category::verb prep::an case::akk
V-087,Verb,sich konzentrieren,,auf,+ Akk.,to concentrate on / to focus on,Bitte konzentrieren Sie sich voll auf die bevorstehende Prüfung!,Please concentrate fully on the upcoming exam!,A2,Direction of mental focus: takes Akkusativ.,level::A2 category::verb prep::auf case::akk
V-088,Verb,sich verlassen,,auf,+ Akk.,to rely on / to depend on,Auf meine engsten Freunde kann ich mich immer auf blind verlassen.,I can always blindly rely on my closest friends.,B1,Reflexive verb (sich verlassen auf). Trusting someone's dependability.,level::B1 category::verb prep::auf case::akk
V-089,Verb,sich beziehen,,auf,+ Akk.,to refer to / to relate to,Mein Schreiben bezieht sich auf Ihr Inserat vom 15. Mai.,My letter refers to your advertisement from May 15th.,B1,Essential in formal correspondence ('Bezug nehmend auf...').,level::B1 category::verb prep::auf case::akk
V-090,Verb,sich vorbereiten,,auf,+ Akk.,to prepare for,Die Sportler bereiten sich monatelang auf den Marathon vor.,The athletes prepare for months for the marathon.,A2,Separable reflexive verb (sich vor|bereiten).,level::A2 category::verb prep::auf case::akk
V-091,Verb,sich verlieben,,in,+ Akk.,to fall in love with,Er hat sich unsterblich in seine Arbeitskollegin verliebt.,He fell hopelessly in love with his coworker.,A2,Note: takes 'in + Akkusativ' (never 'mit'!).,level::A2 category::verb prep::in case::akk
V-092,Verb,sich verabreden,,mit,+ Dat.,to arrange to meet with / to make a date with,Ich habe mich für heute Abend mit Markus verabredet.,I arranged to meet with Markus for this evening.,A2,Social meeting appointment.,level::A2 category::verb prep::mit case::dat
V-093,Verb,abhängen,,von,+ Dat.,to depend on,Der Erfolg eines Unternehmens hängt stark von seinen Mitarbeitern ab.,The success of a business depends heavily on its employees.,A2,Separable verb: 'ab|hängen von + Dat'.,level::A2 category::verb prep::von case::dat
V-094,Verb,aufhören,,mit,+ Dat.,to stop / to cease doing something,Wann hörst du endlich mit dem ständigen Jammern auf?,When will you finally stop the constant whining?,A1,Separable verb: 'auf|hören mit + Dat'.,level::A1 category::verb prep::mit case::dat
V-095,Verb,aufpassen,,auf,+ Akk.,to watch out for / to look after,Könntest du kurz auf mein Gepäck aufpassen?,Could you watch my luggage for a moment?,A2,Separable verb: 'auf|passen auf + Akk'. Guarding or minding someone/something.,level::A2 category::verb prep::auf case::akk
V-096,Verb,ausgeben,,für,+ Akk.,to spend (money) on,Er gibt viel zu viel Geld für teure Kleidung aus.,He spends far too much money on expensive clothes.,A2,Separable verb: Geld ausgeben für + Akk.,level::A2 category::verb prep::für case::akk
V-097,Verb,beitragen,,zu,+ Dat.,to contribute to,Jeder einzelne Bürger kann zu einer sauberen Umwelt beitragen.,Every single citizen can contribute to a clean environment.,B1,Irregular separable verb (trägt bei; trug bei; beigetragen).,level::B1 category::verb prep::zu case::dat
V-098,Verb,berichten,,von,+ Dat.,to report / tell of (an incident or experience),Der Augenzeuge berichtete von einem lauten Knall.,The eyewitness reported of a loud bang.,B1,Focuses on personal observation or occurrence.,level::B1 category::verb prep::von case::dat
V-099,Verb,berichten,,über,+ Akk.,to report on (a comprehensive subject or event),Die Zeitungen berichten ausführlich über die neue Gesetzesreform.,The newspapers report extensively on the new legal reform.,A2,Journalistic or detailed factual reporting.,level::A2 category::verb prep::über case::akk
V-100,Verb,einladen,,zu,+ Dat.,to invite to (an event or party),Wir möchten dich herzlich zu unserer Geburtstagsfeier einladen.,We would like to warmly invite you to our birthday party.,A1,Formula: jemanden (Akk) zu etwas (Dat) einladen.,level::A1 category::verb prep::zu case::dat
V-101,Verb,sich entscheiden,,gegen,+ Akk.,to decide against,Er hat sich bewusst gegen den teuren Umzug entschieden.,He deliberately decided against the expensive relocation.,A2,Rejecting an option.,level::A2 category::verb prep::gegen case::akk
V-102,Verb,sich entscheiden,,für,+ Akk.,to decide in favor of / to choose,Nach langer Überlegung entschied sie sich für das Medizinstudium.,After long consideration she decided in favor of medical school.,A2,Selecting an option among alternatives.,level::A2 category::verb prep::für case::akk
V-103,Verb,sich entschuldigen,,für,+ Akk.,to apologize for (a mistake or action),Ich entschuldige mich vielmals für das Missgeschick.,I apologize very much for the mishap.,A1,The reason for the apology takes 'für + Akkusativ'.,level::A1 category::verb prep::für case::akk
V-104,Verb,sich entschuldigen,,bei,+ Dat.,to apologize to (a person),Er sollte sich aufrichtig bei seiner Nachbarin entschuldigen.,He should sincerely apologize to his neighbor.,A1,The recipient of the apology takes 'bei + Dativ'.,level::A1 category::verb prep::bei case::dat
V-105,Verb,sich erholen,,von,+ Dat.,"to recover from (illness, stress, strain)",Sie muss sich erst von den Strapazen der langen Reise erholen.,She first needs to recover from the hardships of the long journey.,A2,Restoration of health or energy.,level::A2 category::verb prep::von case::dat
V-106,Verb,erkennen,,an,+ Dat.,to recognize by (a characteristic feature),Ich habe sie sofort an ihrem herzlichen Lachen erkannt.,I recognized her immediately by her hearty laugh.,B1,Formula: jemanden an etwas (Dat) erkennen.,level::B1 category::verb prep::an case::dat
V-107,Verb,sich erkundigen,,nach,+ Dat.,"to inquire about (information, conditions)",Er erkundigte sich am Schalter nach den Abfahrtszeiten.,He inquired at the counter about departure times.,B1,More formal synonym for 'fragen nach + Dat'.,level::B1 category::verb prep::nach case::dat
V-108,Verb,sich erkundigen,,bei,+ Dat.,to inquire with / at (a person or institution),Sie erkundigte sich bei der Behörde nach den notwendigen Unterlagen.,She inquired at the agency about the required documents.,B1,The source/authority being asked takes 'bei + Dativ'.,level::B1 category::verb prep::bei case::dat
V-109,Verb,erschrecken,,vor,+ Dat.,"to be frightened of (a sudden noise, animal, entity)",Das Baby erschrak furchtbar vor dem lauten Donner.,The baby was terribly frightened by the loud thunder.,B1,Direct sensory startle response to a danger or sudden noise.,level::B1 category::verb prep::vor case::dat
V-110,Verb,erschrecken,,über,+ Akk.,"to be shocked / startled by (news, realization)",Die Bürger erschraken über den drastischen Preisanstieg.,The citizens were shocked by the drastic price increase.,B1,Emotional shock upon discovering a fact or news item.,level::B1 category::verb prep::über case::akk
V-111,Verb,sich fürchten,,vor,+ Dat.,to be afraid of / to dread,Manche Menschen fürchten sich vor engen Räumen.,Some people are afraid of confined spaces.,B1,Always 'vor + Dativ'. Synonymous with 'Angst haben vor + Dat'.,level::B1 category::verb prep::vor case::dat
V-112,Verb,gratulieren,,zu,+ Dat.,to congratulate on,Wir gratulieren dir ganz herzlich zu deiner bestandenen Prüfung!,We warmly congratulate you on your passed exam!,A2,Formula: jemandem (Dat) zu etwas (Dat) gratulieren.,level::A2 category::verb prep::zu case::dat
V-113,Verb,klagen,,über,+ Akk.,to complain about / to lament,Die Patienten klagen über anhaltende Übelkeit.,The patients complain of persistent nausea.,B1,Medical complaints or general grievances.,level::B1 category::verb prep::über case::akk
V-114,Verb,klagen,,gegen,+ Akk.,to file a lawsuit against / to sue,Der Anwohner klagt gegen den Bau der neuen Autobahn.,The resident is suing against the construction of the new highway.,B2,Legal context: bringing action before a court.,level::B2 category::verb prep::gegen case::akk
V-115,Verb,protestieren,,gegen,+ Akk.,to protest against,Tausende Bürger protestieren friedlich gegen die Steuererhöhung.,Thousands of citizens are peacefully protesting against the tax increase.,B1,Always takes 'gegen + Akkusativ'.,level::B1 category::verb prep::gegen case::akk
V-116,Verb,reagieren,,auf,+ Akk.,to react to,Wie hat die Schulleitung auf die Beschwerde reagiert?,How did the school administration react to the complaint?,A2,Always takes 'auf + Akkusativ'.,level::A2 category::verb prep::auf case::akk
V-117,Verb,riechen,,nach,+ Dat.,to smell like / of,Im ganzen Haus riecht es köstlich nach frisch gebackenem Brot.,The whole house smells delicious like freshly baked bread.,A2,Sensory impression of aroma.,level::A2 category::verb prep::nach case::dat
V-118,Verb,schmecken,,nach,+ Dat.,to taste like / of,Das Dessert schmeckt wunderbar nach frischer Vanille.,The dessert tastes wonderful like fresh vanilla.,A2,Sensory impression of taste.,level::A2 category::verb prep::nach case::dat
V-119,Verb,schützen,,gegen,+ Akk.,"to protect against (disease, attack)",Die Impfung schützt zuverlässig gegen eine schwere Infektion.,The vaccination reliably protects against severe infection.,B1,"Often used interchangeably with 'vor + Dat', especially in medical contexts.",level::B1 category::verb prep::gegen case::akk
V-120,Verb,schützen,,vor,+ Dat.,to protect from / to shield against,Sonnencreme schützt die empfindliche Haut vor gefährlichen Sonnenbränden.,Sunscreen protects sensitive skin from dangerous sunburns.,A2,Defense against an environmental threat or hazard.,level::A2 category::verb prep::vor case::dat
V-121,Verb,sorgen,,für,+ Akk.,to provide for / to ensure / to take care of,Gute Musik sorgt für eine ausgelassene Stimmung.,Good music provides for a lively atmosphere.,A2,Creating a condition or caring for dependents ('für die Kinder sorgen').,level::A2 category::verb prep::für case::akk
V-122,Verb,sich sorgen,,um,+ Akk.,to worry about,Die Großmutter sorgt sich sehr um das Wohl ihrer Enkel.,The grandmother worries greatly about the well-being of her grandchildren.,B1,Reflexive: 'sich sorgen um + Akk'. Synonymous with 'sich Sorgen machen um'.,level::B1 category::verb prep::um case::akk
V-123,Verb,sterben,,an,+ Dat.,to die of (a cause or illness),Viele Patienten starben früher an einer einfachen Wundinfektion.,Many patients formerly died of a simple wound infection.,B1,Cause of death takes 'an + Dativ'.,level::B1 category::verb prep::an case::dat
V-124,Verb,träumen,,von,+ Dat.,to dream of / about,Seit ihrer Kindheit träumt sie von einem eigenen Haus am Meer.,Since childhood she has been dreaming of her own house by the sea.,A1,Both nocturnal dreams and long-term aspirational wishes.,level::A1 category::verb prep::von case::dat
V-125,Verb,überzeugen,,von,+ Dat.,to convince of / to persuade of,Seine schlüssigen Argumente überzeugten uns von der Richtigkeit des Plans.,His coherent arguments convinced us of the correctness of the plan.,B1,Formula: jemanden (Akk) von etwas (Dat) überzeugen.,level::B1 category::verb prep::von case::dat
V-126,Verb,sich unterhalten,,über,+ Akk.,to converse about / to discuss (a topic),Wir haben uns stundenlang über alte Erinnerungen unterhalten.,We chatted for hours about old memories.,A2,Topic of conversation: 'über + Akkusativ'.,level::A2 category::verb prep::über case::akk
V-127,Verb,sich unterhalten,,mit,+ Dat.,to converse with / to chat with (someone),Ich habe mich auf dem Empfang lange mit dem Botschafter unterhalten.,"At the reception, I chatted for a long time with the ambassador.",A2,Partner in conversation: 'mit + Dativ'.,level::A2 category::verb prep::mit case::dat
V-128,Verb,verbinden,,mit,+ Dat.,to connect with / to associate with,Mit diesem melancholischen Lied verbinde ich mit meinen schönsten Sommer.,I associate this melancholic song with my most beautiful summer.,B1,Mental association or physical connection.,level::B1 category::verb prep::mit case::dat
V-129,Verb,vergleichen,,mit,+ Dat.,to compare with,Man kann die Situation heute kaum mit den Zuständen vor fünfzig Jahren vergleichen.,One can hardly compare the situation today with conditions fifty years ago.,B1,Drawing comparisons.,level::B1 category::verb prep::mit case::dat
V-130,Verb,verzichten,,auf,+ Akk.,to do without / to forgo / to renounce,Er verzichtet während der Fastenzeit komplett auf raffinierten Zucker.,"During Lent, he completely gives up refined sugar.",B1,"Voluntarily giving up a privilege, habit, or item. Always 'auf + Akk'.",level::B1 category::verb prep::auf case::akk
V-131,Verb,warnen,,vor,+ Dat.,to warn against / to alert to,Experten warnen eindringlich vor den Folgen des Klimawandels.,Experts urgently warn against the consequences of climate change.,B1,Formula: jemanden vor etwas (Dat) warnen.,level::B1 category::verb prep::vor case::dat
V-132,Verb,sich wundern,,über,+ Akk.,to be surprised at / to wonder at,Ich wundere mich immer wieder über seine unglaubliche Energie.,I am repeatedly amazed at his incredible energy.,A2,Surprise or bewilderment. Always 'über + Akkusativ'.,level::A2 category::verb prep::über case::akk
V-133,Verb,zusammenhängen,,mit,+ Dat.,to be connected with / to correlate with,Häufige Kopfschmerzen hängen oft eng mit zu wenig Schlaf zusammen.,Frequent headaches are often closely linked to too little sleep.,B1,Separable verb: 'zusammen|hängen mit + Dat'.,level::B1 category::verb prep::mit case::dat
V-134,Verb,zwingen,,zu,+ Dat.,to force to / to compel to,Die schwere Verletzung zwang den Athleten zu einem vorzeitigen Karriereende.,The severe injury forced the athlete to an early retirement.,B1,Formula: jemanden zu etwas (Dat) zwingen.,level::B1 category::verb prep::zu case::dat
V-135,Verb,anfangen,,mit,+ Dat.,to start with / to begin with,Wann fängst du endlich mit der Vorbereitung auf das Examen an?,When will you finally start preparing for the exam?,A1,Separable verb (fängt an; fing an; angefangen). Takes Dativ.,level::A1 category::verb prep::mit case::dat
V-136,Verb,eingehen,,auf,+ Akk.,to address / to respond to / to agree to,Der Referent ging freundlich auf alle Fragen des Publikums ein.,The speaker kindly addressed all questions from the audience.,B1,Separable verb (auf etwas eingehen). Thorough response or consideration.,level::B1 category::verb prep::auf case::akk
V-137,Verb,hinweisen,,auf,+ Akk.,to point out / to draw attention to,Das Schild weist die Autofahrer auf die akute Rutschgefahr hin.,The sign alerts drivers to the acute danger of skidding.,B1,Separable verb (hin|weisen). Takes 'auf + Akkusativ'.,level::B1 category::verb prep::auf case::akk
V-138,Verb,hören,,von,+ Dat.,to hear from / about (someone/something),Hast du in letzter Zeit etwas Neues von deinem Schulfreund gehört?,Have you heard anything new from your school friend lately?,A1,Receiving news or updates.,level::A1 category::verb prep::von case::dat
V-139,Verb,hören,,auf,+ Akk.,"to listen to / to obey (advice, a person)",Der sture Junge will einfach nicht auf den Rat seiner Eltern hören.,The stubborn boy simply does not want to listen to his parents' advice.,A2,Heeding instructions or following advice.,level::A2 category::verb prep::auf case::akk
V-140,Verb,kämpfen,,gegen,+ Akk.,"to fight against (an enemy, injustice, disease)",Die Ärzte kämpfen mit allen Mitteln gegen die heimtückische Krankheit.,Doctors are fighting by all means against the insidious disease.,A2,Opposing or battling a threat.,level::A2 category::verb prep::gegen case::akk
V-141,Verb,kämpfen,,für,+ Akk.,"to fight for (a cause, justice, freedom)",Aktivisten kämpfen unermüdlich für eine gerechtere Welt.,Activists fight tirelessly for a more just world.,A2,Fighting in support of a goal.,level::A2 category::verb prep::für case::akk
V-142,Verb,kämpfen,,um,+ Akk.,"to fight over / for (survival, a trophy, custody)",Die beiden Finalisten kämpfen verbissen um den begehrten Pokal.,Both finalists are fighting fiercely for the coveted trophy.,B1,Contesting or struggling to obtain/retain an object or state.,level::B1 category::verb prep::um case::akk
V-143,Verb,klarkommen,,mit,+ Dat.,to cope with / to manage / to get along with,Kommst du im Alltag gut mit deinem neuen Vorgesetzten klar?,Do you get along well with your new supervisor in daily life?,A2,Separable colloquial idiom: 'klar|kommen mit + Dat'.,level::A2 category::verb prep::mit case::dat
V-144,Verb,mangeln,,an,+ Dat.,to lack / to be wanting in,Dem jungen Start-up mangelt es vor allem an ausreichendem Kapital.,The young start-up primarily lacks sufficient capital.,B1,Impersonal: 'Es mangelt an + Dat'. Similar to 'fehlen an'.,level::B1 category::verb prep::an case::dat
V-145,Verb,profitieren,,von,+ Dat.,to profit from / to benefit from,Beide Unternehmen profitieren enorm von der neuen Partnerschaft.,Both companies benefit enormously from the new partnership.,B1,Gaining an advantage from a situation.,level::B1 category::verb prep::von case::dat
V-146,Verb,sich rächen,,für,+ Akk.,to take revenge for (an offense or wrong),Sie wollte sich für die schwere Demütigung rächen.,She wanted to avenge the severe humiliation.,B2,The reason or grievance takes 'für + Akkusativ'.,level::B2 category::verb prep::für case::akk
V-147,Verb,sich rächen,,an,+ Dat.,to take revenge on (a person),"Er schwor, sich eines Tages an seinem Verräter zu rächen.",He swore to take revenge on his betrayer one day.,B2,The target of revenge takes 'an + Dativ'.,level::B2 category::verb prep::an case::dat
V-148,Verb,raten,,zu,+ Dat.,to advise to / to recommend,Der Arzt riet ihm dringend zu einer sofortigen Kur.,The doctor urgently advised him to take an immediate spa cure.,B1,Formula: jemandem (Dat) zu etwas (Dat) raten.,level::B1 category::verb prep::zu case::dat
V-149,Verb,richten,,an,+ Akk.,to address to / to direct toward (an audience),Die Worte der Kanzlerin richteten sich an das gesamte Volk.,The Chancellor's words were addressed to the entire nation.,B1,The target audience takes 'an + Akkusativ'.,level::B1 category::verb prep::an case::akk
V-150,Verb,sich richten,,nach,+ Dat.,to conform to / to be guided by / to depend on,Der genaue Preis richtet sich nach der gewünschten Ausstattung.,The exact price depends on the desired equipment.,B1,Conforming or tailoring to criteria.,level::B1 category::verb prep::nach case::dat
V-151,Verb,schimpfen,,über,+ Akk.,to rant about / to grumble about,Die Pendler schimpfen täglich über die unpünktlichen Züge.,Commuters rant daily about the unpunctual trains.,A2,Venting frustration about a situation.,level::A2 category::verb prep::über case::akk
V-152,Verb,schimpfen,,mit,+ Dat.,to scold / to tell off (a person),Die Mutter schimpfte mit ihrem unartigen Sohn.,The mother scolded her naughty son.,A2,Direct reprimand to a person.,level::A2 category::verb prep::mit case::dat
V-153,Verb,schließen,,aus,+ Dat.,to deduce from / to conclude from,Aus diesen Befunden schließt der Ermittler aus den genauen Tathergang.,"From these findings, the investigator deduces the exact sequence of events.",B1,Logical deduction based on evidence.,level::B1 category::verb prep::aus case::dat
V-154,Verb,sich sehnen,,nach,+ Dat.,to long for / to yearn for,Im kalten und dunklen Winter sehnt er sich nach Wärme und Licht.,"In the cold and dark winter, he yearns for warmth and light.",B1,Deep emotional longing. Always 'nach + Dativ'.,level::B1 category::verb prep::nach case::dat
V-155,Verb,siegen,,über,+ Akk.,to triumph over / to defeat,Am Ende siegte die Gerechtigkeit über die Willkür.,"In the end, justice triumphed over arbitrariness.",B2,Victory over an adversary or difficulty.,level::B2 category::verb prep::über case::akk
V-156,Verb,stimmen,,gegen,+ Akk.,to vote against,Nur zwei Parteimitglieder stimmten gegen den Beschluss.,Only two party members voted against the resolution.,B1,Democratic ballot/vote against.,level::B1 category::verb prep::gegen case::akk
V-157,Verb,stimmen,,für,+ Akk.,to vote in favor of,Die Abgeordneten stimmten mit großer Mehrheit für den Gesetzentwurf.,The deputies voted by a large majority in favor of the bill.,B1,Democratic ballot/vote in favor.,level::B1 category::verb prep::für case::akk
V-158,Verb,streiten,,über,+ Akk.,to argue / quarrel about (a topic),Die Politiker streiten leidenschaftlich über die richtige Steuerreform.,The politicians are passionately arguing about the right tax reform.,A2,Topic of the dispute takes 'über + Akkusativ'.,level::A2 category::verb prep::über case::akk
V-159,Verb,streiten,,mit,+ Dat.,to argue with (a person),"Ich habe keine Lust, mich ständig mit dir zu streiten.",I have no desire to constantly argue with you.,A2,Opponent in the dispute takes 'mit + Dativ'.,level::A2 category::verb prep::mit case::dat
V-160,Verb,streiten,,um,+ Akk.,"to dispute over / to contest (property, possession)",Die zerstrittenen Geschwister streiten um das Erbe der Eltern.,The estranged siblings are quarreling over the parents' inheritance.,B1,Contesting ownership or control of an asset.,level::B1 category::verb prep::um case::akk
V-161,Verb,taugen,,zu,+ Dat.,to be fit for / to be good for,"Dieses alte, stumpfe Messer taugt nicht mehr zu Schneiden von Fleisch.","This old, blunt knife is no longer good for cutting meat.",B2,Suitability or utility: 'taugen zu + Dat'.,level::B2 category::verb prep::zu case::dat
V-162,Verb,überreden,,zu,+ Dat.,to persuade into / to talk someone into,Sie überredete ihren Freund zu einem gemeinsamen Tanzkurs.,She talked her boyfriend into taking a dance course together.,B1,Formula: jemanden (Akk) zu etwas (Dat) überreden.,level::B1 category::verb prep::zu case::dat
V-163,Verb,urteilen,,nach,+ Dat.,to judge according to / by,Man darf Personen niemals nur nach ihrem äußeren Anschein beurteilen.,One must never judge persons solely by their outward appearance.,B2,The criteria or basis of judgment takes 'nach + Dativ'.,level::B2 category::verb prep::nach case::dat
V-164,Verb,urteilen,,über,+ Akk.,to pass judgment on / to judge,Niemand sollte vorschnell über andere Menschen urteilen.,Nobody should judge other people hastily.,B2,Making an evaluation or moral assessment.,level::B2 category::verb prep::über case::akk
V-165,Verb,verführen,,zu,+ Dat.,to entice / seduce into,Die ständigen Sonderangebote verführten ihn zu unnötigen Ausgaben.,The constant special offers seduced him into unnecessary spending.,B2,Tempting someone to do something unwise or illicit.,level::B2 category::verb prep::zu case::dat
V-166,Verb,verhandeln,,über,+ Akk.,"to negotiate about (wages, conditions)",Die Gewerkschaft verhandelt derzeit über eine spürbare Lohnerhöhung.,The union is currently negotiating for a noticeable pay raise.,B1,Negotiation topic takes 'über + Akkusativ'.,level::B1 category::verb prep::über case::akk
V-167,Verb,verhandeln,,mit,+ Dat.,"to negotiate with (a party, representative)",Die Firmenleitung verhandelt direkt mit dem Betriebsrat.,Management is negotiating directly with the works council.,B1,Negotiation partner takes 'mit + Dativ'.,level::B1 category::verb prep::mit case::dat
V-168,Verb,verlangen,,nach,+ Dat.,to crave / to call for / to yearn for,Nach stundenlanger Wanderung in der Hitze verlangte sein Körper nach kaltem Wasser.,"After hours of hiking in the heat, his body craved cold water.",B2,Strong physical or psychological craving. Always 'nach + Dativ'.,level::B2 category::verb prep::nach case::dat
V-169,Verb,verstoßen,,gegen,+ Akk.,"to violate / to offend against (laws, regulations)",Dieses illegale Verhalten verstößt eindeutig gegen geltendes Recht.,This illegal behavior clearly violates applicable law.,B2,Breaching rules or ethical codes. Always 'gegen + Akkusativ'.,level::B2 category::verb prep::gegen case::akk
V-170,Verb,sich vertiefen,,in,+ Akk.,to immerse oneself in / to become engrossed in,Sie vertiefte sich völlig in das fesselnde Geschichtsbuch.,She immersed herself completely in the captivating history book.,B2,Total absorption in study or reading. Takes 'in + Akkusativ'.,level::B2 category::verb prep::in case::akk
V-171,Verb,wählen,,zu,+ Dat.,to elect as / to choose as,Die Mitglieder wählten sie einstimmig zu neuen Vorsitzenden.,The members unanimously elected her as the new chairperson.,B1,Formula: jemanden (Akk) zu etwas (Dat) wählen.,level::B1 category::verb prep::zu case::dat
V-172,Verb,sich wenden,,gegen,+ Akk.,to turn against / to oppose,Die öffentliche Kritik wendet sich nun scharf gegen die Entscheidungsträger.,Public criticism is now turning sharply against the decision-makers.,B2,Taking an adversarial stance against someone/something.,level::B2 category::verb prep::gegen case::akk
V-173,Verb,sich wenden,,an,+ Akk.,to turn to / to consult / to contact,Bei rechtlichen Fragen sollten Sie sich sofort an einen Fachanwalt wenden.,For legal questions you should immediately turn to a specialist lawyer.,B1,Seeking assistance or counsel from someone.,level::B1 category::verb prep::an case::akk
V-174,Verb,werben,,für,+ Akk.,to advertise / to promote / to campaign for,Das Unternehmen wirbt intensiv für seine neue Produktlinie.,The company advertises intensively for its new product line.,B1,Commercial promotion or advocating an idea.,level::B1 category::verb prep::für case::akk
V-175,Verb,werben,,um,+ Akk.,to court / to solicit / to vie for,Internationale Universitäten werben eifrig um talentierte Nachwuchsforscher.,International universities eagerly vie for talented young researchers.,B2,Wooing or courting favor/people.,level::B2 category::verb prep::um case::akk
V-176,Verb,wirken,,auf,+ Akk.,to have an effect on / to make an impression on,Die sanfte Melodie wirkt überaus beruhigend auf gestresste Gemüter.,The gentle melody has an exceedingly calming effect on stressed minds.,B1,Psychological or physical effect on someone.,level::B1 category::verb prep::auf case::akk
V-177,Verb,zählen,,zu,+ Dat.,to count among / to rank among,Diese Entdeckung zählt zweifellos zu den größten Meilensteinen der Medizin.,This discovery undoubtedly counts among the greatest milestones in medicine.,B1,Category membership or prestige ranking.,level::B1 category::verb prep::zu case::dat
V-178,Verb,zählen,,auf,+ Akk.,to count on / to rely on,In schwierigen Zeiten kann ich mich immer auf meine treuen Freunde verlassen und auf sie zählen.,In difficult times I can always count on my loyal friends.,B1,Synonymous with 'sich verlassen auf + Akk'.,level::B1 category::verb prep::auf case::akk
V-179,Verb,zögern,,mit,+ Dat.,to hesitate with / to delay doing,Bitte zögern Sie nicht mit Ihrer Rückmeldung!,Please do not hesitate with your feedback!,B1,Polite business correspondence: 'Zögern Sie nicht mit...' or infinitive clause.,level::B1 category::verb prep::mit case::dat
V-180,Verb,zurückführen,,auf,+ Akk.,to attribute to / to trace back to,Die Experten führen den Kursabsturz auf weltweite Unsicherheiten zurück.,The experts trace the price crash back to global uncertainties.,B2,Separable verb: 'etwas (Akk) zurückführen auf + Akk'. Causal attribution.,level::B2 category::verb prep::auf case::akk
V-181,Verb,ausmachen,,mit,+ Dat.,to agree on / to settle with (a person),Ich habe den genauen Liefertermin mit dem Spediteur ausgemacht.,I settled on the exact delivery date with the freight forwarder.,B1,Mutual agreement or arrangement.,level::B1 category::verb prep::mit case::dat
V-182,Verb,bürgen,,für,+ Akk.,to vouch for / to guarantee,Der wohlhabende Onkel bürgt für den Bankkredit seines Neffen.,The wealthy uncle vouches for his nephew's bank loan.,B2,Legal or personal guarantee.,level::B2 category::verb prep::für case::akk
V-183,Verb,dienen,,als,+ Nom.,to serve as (a role or substitute),Das bequeme Sofa dient nachts als gemütliches Gästebett.,The comfortable couch serves as a cozy guest bed at night.,B1,'Als' takes Nominative agreeing with the subject.,level::B1 category::verb prep::als case::nom
V-184,Verb,dienen,,zu,+ Dat.,to serve for / to be used for (purpose),Dieses spezielle Werkzeug dient zu schnellen Öffnen von Dosen.,This special tool serves for opening cans quickly.,B1,Designated functional purpose.,level::B1 category::verb prep::zu case::dat
V-185,Verb,sich eignen,,für,+ Akk.,to be suitable for (a target audience or role),Dieses spannende Buch eignet sich hervorragend für Sprachanfänger.,This exciting book is wonderfully suitable for language beginners.,B1,Target audience suitability.,level::B1 category::verb prep::für case::akk
V-186,Verb,sich eignen,,zu,+ Dat.,to be suitable for (an action or function),Das robuste Holz eignet sich bestens zu Bau von Gartenmöbeln.,The sturdy wood is best suited for building garden furniture.,B1,"Task or utility suitability (often nominalized verbs: zum Kochen, zum Bau).",level::B1 category::verb prep::zu case::dat
V-187,Verb,sich ekeln,,vor,+ Dat.,to be disgusted by / repulsed by,Er ekelt sich furchtbar vor kriechenden Würmern.,He is terribly disgusted by crawling worms.,B2,Always 'vor + Dativ'.,level::B2 category::verb prep::vor case::dat
V-188,Verb,feilschen,,um,+ Akk.,to haggle / bargain over,Auf dem bunten Trödelmarkt feilscht man gern um jeden einzelnen Euro.,"At the colorful flea market, people gladly haggle over every single euro.",B2,Price negotiation. Takes 'um + Akkusativ'.,level::B2 category::verb prep::um case::akk
V-189,Verb,fliehen,,vor,+ Dat.,to flee from / to escape from,Tausende Menschen flohen vor den verheerenden Flammen des Waldbrands.,Thousands of people fled from the devastating flames of the wildfire.,B1,Escape from danger: 'vor + Dativ'.,level::B1 category::verb prep::vor case::dat
V-190,Verb,geraten,,in,+ Akk.,"to get into / to fall into (trouble, panic, danger)",Das Unternehmen geriet durch Fehlinvestitionen in große finanzielle Not.,The company got into great financial distress through bad investments.,B2,"Unintentionally entering a difficult state (in Panik geraten, in Wut geraten). Takes Akkusativ.",level::B2 category::verb prep::in case::akk
V-191,Verb,hindern,,an,+ Dat.,to prevent from / to hinder from,Starker Nebel hinderte die Piloten an einem sicheren Landeanflug.,Heavy fog prevented the pilots from a safe landing approach.,B1,Formula: jemanden (Akk) an etwas (Dat) hindern.,level::B1 category::verb prep::an case::dat
V-192,Verb,sich schämen,,vor,+ Dat.,to be ashamed in front of (a person),Das Mädchen schämte sich vor den fremden Gästen und versteckte sich.,The girl was ashamed in front of the unfamiliar guests and hid.,B1,Person in whose presence one feels ashamed takes 'vor + Dativ'.,level::B1 category::verb prep::vor case::dat
V-193,Verb,sich schämen,,für,+ Akk.,to be ashamed of (an action or behavior),Er schämte sich zutiefst für seine ungehobelten Worte.,He was deeply ashamed of his rude words.,B1,Reason for shame takes 'für + Akkusativ'.,level::B1 category::verb prep::für case::akk
V-194,Verb,beruhen,,auf,+ Dat.,"to be based on / to rest upon (facts, principles)",Die wissenschaftliche These beruht auf verlässlichen Experimenten.,The scientific thesis is based on reliable experiments.,B2,Takes Dativ (unlike 'hoffen auf' or 'warten auf'!). Formal and academic.,level::B2 category::verb prep::auf case::dat
V-195,Verb,basieren,,auf,+ Dat.,to be based on,Der erfolgreiche Film basiert auf einer wahren Begebenheit.,The successful movie is based on a true story.,B1,Takes Dativ ('auf + Dat'). Very common in journalism and academia.,level::B1 category::verb prep::auf case::dat
V-196,Verb,anknüpfen,,an,+ Akk.,to tie in with / to build upon (earlier progress/ideas),Wir möchten heute direkt an die Diskussion der letzten Woche anknüpfen.,Today we would like to tie directly into last week's discussion.,B2,Separable verb: an|knüpfen an + Akk.,level::B2 category::verb prep::an case::akk
V-197,Verb,abstimmen,,auf,+ Akk.,to coordinate / tune / tailor to,Das Vier-Gänge-Menü ist exakt auf die erlesenen Weine abgestimmt.,The four-course menu is precisely matched to the exquisite wines.,B2,Harmonizing or tailoring one element to another.,level::B2 category::verb prep::auf case::akk
V-198,Verb,abstimmen,,über,+ Akk.,to vote on (a motion or proposal),Die Vereinsmitglieder stimmen heute über den neuen Mitgliedsbeitrag ab.,The club members are voting today on the new membership fee.,B1,Voting procedure.,level::B1 category::verb prep::über case::akk
V-199,Verb,anregen,,zu,+ Dat.,to stimulate / prompt / inspire to,Das nachdenkliche Theaterstück regte die Zuschauer zu langen Diskussionen an.,The thoughtful play stimulated the audience to long discussions.,B2,Incentivizing thought or action (anregen zum Nachdenken).,level::B2 category::verb prep::zu case::dat
V-200,Verb,auffordern,,zu,+ Dat.,to call upon / urge / request someone to,Die Flugbegleiterin forderte die Passagiere zu Anschnallen auf.,The flight attendant called upon passengers to fasten their seatbelts.,B1,Formula: jemanden (Akk) zu etwas (Dat) auffordern.,level::B1 category::verb prep::zu case::dat
V-201,Verb,beharren,,auf,+ Dat.,to persist in / to stubbornly insist on,Er beharrte stur auf seiner einmal gefassten Meinung.,He stubbornly persisted in his once-formed opinion.,B2,Takes Dativ ('auf + Dat'). Connotes obstinacy or unwavering persistence.,level::B2 category::verb prep::auf case::dat
V-202,Verb,beneiden,,um,+ Akk.,to envy for,Viele seiner Kollegen beneiden ihn um seine beneidenswerte Gelassenheit.,Many of his colleagues envy him for his enviable serenity.,B2,Formula: jemanden (Akk) um etwas (Akk) beneiden.,level::B2 category::verb prep::um case::akk
V-203,Verb,drängen,,auf,+ Akk.,to press for / to urge (a quick decision or action),Die Kunden drängen ungeduldig auf eine rasche Behebung der Störung.,The customers are impatiently pressing for a prompt resolution to the outage.,B2,Urgency and pressure. Takes 'auf + Akkusativ'.,level::B2 category::verb prep::auf case::akk
V-204,Verb,wetteifern,,um,+ Akk.,to compete for / to vie for,Die begabten Athleten wetteifern ehrgeizig um den ersten Platz.,The talented athletes ambitiously vie for first place.,C1,Elevated vocabulary for fierce competition over an accolade.,level::C1 category::verb prep::um case::akk
V-205,Verb,zulassen,,zu,+ Dat.,to admit to / to qualify for (an exam or study program),Nach Prüfung der Unterlagen wurde sie zu den Staatsprüfungen zugelassen.,"After reviewing the documents, she was admitted to the state examinations.",B2,Official admission or licensing.,level::B2 category::verb prep::zu case::dat
V-206,Verb,zurückschrecken,,vor,+ Dat.,to shrink back from / to recoil from (a danger or obstacle),Ein entschlossener Bergsteiger schreckt nicht vor großen Gefahren zurück.,A determined mountaineer does not shrink back from great dangers.,B2,Hesitating or shrinking from daunting tasks.,level::B2 category::verb prep::vor case::dat
V-207,Verb,abhalten,,von,+ Dat.,to keep from / to deter from,Nichts auf der Welt konnte ihn von seinen ehrgeizigen Plänen abhalten.,Nothing in the world could deter him from his ambitious plans.,B2,Formula: jemanden (Akk) von etwas (Dat) abhalten.,level::B2 category::verb prep::von case::dat
V-208,Verb,aufrufen,,zu,+ Dat.,"to call for / to appeal for (action, donations)",Der Bürgermeister rief die Bürger zu gegenseitiger Solidarität auf.,The mayor appealed to citizens for mutual solidarity.,B1,Public appeal or mobilization.,level::B1 category::verb prep::zu case::dat
V-209,Verb,sich berufen,,auf,+ Akk.,"to invoke / to appeal to / to cite (a law, right, statement)",Der Angeklagte berief sich vor Gericht auf sein Recht zu schweigen.,The defendant invoked his right to remain silent in court.,B2,Legal or formal citation of authority or rights. Takes Akkusativ.,level::B2 category::verb prep::auf case::akk
V-210,Verb,sich einmischen,,in,+ Akk.,to interfere in / to meddle in,Bitte mische dich nicht ungefragt in meine privaten Angelegenheiten ein!,Please do not meddle unasked in my private affairs!,B1,Separable reflexive verb: sich ein|mischen in + Akk.,level::B1 category::verb prep::in case::akk
V-211,Verb,greifen,,nach,+ Dat.,to reach for / to grasp at,Das Kleinkind griff neugierig nach der glänzenden Tasse.,The toddler curiously reached for the shiny mug.,B1,Physical reach towards an object.,level::B1 category::verb prep::nach case::dat
V-212,Verb,greifen,,zu,+ Dat.,"to resort to / to reach for (measures, remedies)",In seiner Verzweiflung griff er zu unkonventionellen Mitteln.,"In his desperation, he resorted to unconventional means.",B2,Choosing a remedy or extreme measure.,level::B2 category::verb prep::zu case::dat
V-213,Verb,haften,,für,+ Akk.,to be liable for / to be responsible for,Eltern haften bekanntlich für die Schäden ihrer minderjährigen Kinder.,Parents are famously liable for the damages of their minor children.,B1,Classic legal warning phrase in Germany ('Eltern haften für ihre Kinder').,level::B1 category::verb prep::für case::akk
V-214,Verb,neigen,,zu,+ Dat.,to tend to / to have an inclination toward,Unter starkem Stress neigt er leider zu voreiligen Kurzschlusshandlungen.,Under severe stress he unfortunately tends toward hasty rash actions.,B2,Disposition or behavioral tendency.,level::B2 category::verb prep::zu case::dat
V-215,Verb,schwärmen,,für,+ Akk.,to have a crush on / to be fond of / to adore,Als Teenager schwärmte sie heimlich für einen berühmten Popstar.,"As a teenager, she secretly had a crush on a famous pop star.",B1,Romantic infatuation or fandom.,level::B1 category::verb prep::für case::akk
V-216,Verb,schwärmen,,von,+ Dat.,to rave about / to swoon over,Sie schwärmt unaufhörlich von den kulinarischen Genüssen in Rom.,She raves incessantly about the culinary delights in Rome.,B1,Enthusiastic praise or recounting.,level::B1 category::verb prep::von case::dat
V-217,Verb,übergehen,,zu,+ Dat.,to pass on to / to transition to (the next agenda item),Lassen Sie uns nun zu dem nächsten Tagesordnungspunkt übergehen.,Let us now transition to the next agenda item.,B2,Separable verb: 'über|gehen zu + Dat' in meetings and presentations.,level::B2 category::verb prep::zu case::dat
V-218,Verb,verleiten,,zu,+ Dat.,to entice / mislead / induce into,Schlechte Vorbilder verleiteten den Jungen zu gefährlichen Mutproben.,Bad role models enticed the boy into dangerous tests of courage.,B2,Formula: jemanden (Akk) zu etwas (Dat) verleiten.,level::B2 category::verb prep::zu case::dat
A-001,Adjective,unzufrieden,,mit,+ Dat.,dissatisfied with / unhappy with,Viele Kunden sind unzufrieden mit dem langsamen Service.,Many customers are dissatisfied with the slow service.,A2,Antonym of 'zufrieden mit'. Takes 'mit + Dativ'.,level::A2 category::adjective prep::mit case::dat
A-002,Adjective,zufrieden,,mit,+ Dat.,satisfied with / content with,Der Chef ist sehr zufrieden mit deinen guten Arbeitsergebnissen.,The boss is very satisfied with your good work results.,A1,Always takes 'mit + Dativ'. Essential everyday expression.,level::A1 category::adjective prep::mit case::dat
A-003,Adjective,stolz,,auf,+ Akk.,proud of,Die Eltern sind unheimlich stolz auf ihre fleißige Tochter.,The parents are incredibly proud of their hardworking daughter.,A2,Always takes 'auf + Akkusativ'. Never 'von'!,level::A2 category::adjective prep::auf case::akk
A-004,Adjective,wichtig,,für,+ Akk.,important for / to,Ausreichend Schlaf ist enorm wichtig für die Konzentration.,Sufficient sleep is enormously important for concentration.,A1,Takes 'für + Akkusativ' (or a plain Dativ pronoun: 'Das ist mir wichtig').,level::A1 category::adjective prep::für case::akk
A-005,Adjective,interessiert,,an,+ Dat.,interested in,Sind Sie an einem unverbindlichen Beratungsgespräch interessiert?,Are you interested in a non-binding consultation?,A2,ATTENTION: 'interessiert sein an + Dativ' vs. the verb 'sich interessieren für + Akkusativ'!,level::A2 category::adjective prep::an case::dat
A-006,Adjective,dankbar,,für,+ Akk.,grateful for / thankful for,Ich bin dir unendlich dankbar für deine uneigennützige Hilfe.,I am endlessly grateful to you for your unselfish help.,A2,Formula: jemandem (Dat) für etwas (Akk) dankbar sein.,level::A2 category::adjective prep::für case::akk
A-007,Adjective,böse,,auf,+ Akk.,angry with / mad at (a PERSON),Bist du immer noch böse auf deinen kleinen Bruder?,Are you still mad at your little brother?,A2,Directed at a person: 'auf + Akkusativ'.,level::A2 category::adjective prep::auf case::akk
A-008,Adjective,böse,,über,+ Akk.,upset about / angry about (a SITUATION or outcome),Er war sehr böse über die unnötige Niederlage im Spiel.,He was very upset about the unnecessary defeat in the game.,A2,Directed at a circumstance: 'über + Akkusativ'.,level::A2 category::adjective prep::über case::akk
A-009,Adjective,wütend,,über,+ Akk.,furious about (a MATTER or situation),Die Bürger sind wütend über die erneute Erhöhung der Ticketpreise.,Citizens are furious about the renewed increase in ticket prices.,A2,Furious about an issue/event: 'über + Akkusativ'.,level::A2 category::adjective prep::über case::akk
A-010,Adjective,wütend,,auf,+ Akk.,furious at / enraged with (a PERSON),Sie ist furchtbar wütend auf ihren unzuverlässigen Nachbarn.,She is terribly furious at her unreliable neighbor.,A2,Furious at an individual: 'auf + Akkusativ'.,level::A2 category::adjective prep::auf case::akk
A-011,Adjective,froh,,über,+ Akk.,glad about / happy about,Wir sind alle sehr froh über die erfreulichen Nachrichten.,We are all very glad about the pleasing news.,A1,Always takes 'über + Akkusativ'.,level::A1 category::adjective prep::über case::akk
A-012,Adjective,glücklich,,über,+ Akk.,happy about / delighted with,Sie ist überglücklich über das bestandene Vorstellungsgespräch.,She is overjoyed about the passed job interview.,A1,Takes 'über + Akkusativ'.,level::A1 category::adjective prep::über case::akk
A-013,Adjective,traurig,,über,+ Akk.,sad about,Das Kind war untröstlich und traurig über den Verlust des Spielzeugs.,The child was inconsolable and sad about the loss of the toy.,A1,Always 'über + Akkusativ'.,level::A1 category::adjective prep::über case::akk
A-014,Adjective,fertig,,mit,+ Dat.,finished with / done with,Bist du schon fertig mit deinen Hausaufgaben?,Are you already finished with your homework?,A1,Completion of a task or parting with someone ('Ich bin fertig mit ihm').,level::A1 category::adjective prep::mit case::dat
A-015,Adjective,verliebt,,in,+ Akk.,in love with,Romeo war unsterblich in Julia verliebt.,Romeo was hopelessly in love with Juliet.,A1,Always takes 'in + Akkusativ'. Never 'mit'!,level::A1 category::adjective prep::in case::akk
A-016,Adjective,verheiratet,,mit,+ Dat.,married to,Mein Onkel ist seit über dreißig Jahren mit einer Ärztin verheiratet.,My uncle has been married to a doctor for over thirty years.,A1,Always takes 'mit + Dativ' (in German you are married 'with' someone).,level::A1 category::adjective prep::mit case::dat
A-017,Adjective,befreundet,,mit,+ Dat.,friends with,Sie ist seit der Schulzeit eng mit meiner Schwester befreundet.,She has been close friends with my sister since school days.,A2,Always takes 'mit + Dativ'.,level::A2 category::adjective prep::mit case::dat
A-018,Adjective,verwandt,,mit,+ Dat.,related to,Ist er eigentlich über drei Ecken mit dir verwandt?,Is he actually distantly related to you?,A2,Biological or familial relationship: 'mit + Dativ'.,level::A2 category::adjective prep::mit case::dat
A-019,Adjective,abhängig,,von,+ Dat.,dependent on,Unsere Pläne sind völlig abhängig von der aktuellen Wetterlage.,Our plans are completely dependent on the current weather situation.,A2,Derived from 'abhängen von + Dat'.,level::A2 category::adjective prep::von case::dat
A-020,Adjective,unabhängig,,von,+ Dat.,independent of / regardless of,"Das Gesetz gilt für alle Bürger, ganz unabhängig von ihrem Einkommen.","The law applies to all citizens, quite independent of their income.",B1,Takes 'von + Dativ'. Frequently used as an adverb ('unabhängig davon').,level::B1 category::adjective prep::von case::dat
A-021,Adjective,angewiesen,,auf,+ Akk.,reliant on / dependent upon,Ohne Auto ist man auf dem Lande auf öffentliche Verkehrsmittel angewiesen.,"Without a car, one is reliant on public transport in the countryside.",B1,Strong dependency/need. Always 'auf + Akkusativ'.,level::B1 category::adjective prep::auf case::akk
A-022,Adjective,bereit,,für,+ Akk.,"ready for (an upcoming event, journey, or challenge)",Bist du schon startklar und bereit für die große Reise?,Are you already set and ready for the big journey?,A2,Preparedness for an event: 'für + Akkusativ'.,level::A2 category::adjective prep::für case::akk
A-023,Adjective,bereit,,zu,+ Dat.,ready for / willing to do (an action or compromise),Beide Parteien waren erfreulicherweise zu einem Kompromiss bereit.,"Fortunately, both parties were ready for a compromise.",A2,Willingness to take an action: 'zu + Dativ'.,level::A2 category::adjective prep::zu case::dat
A-024,Adjective,bekannt,,bei,+ Dat.,known among / well-known to (a group of people),Der junge Autor ist vor allem bei jugendlichen Lesern bekannt.,The young author is particularly well-known among teenage readers.,B1,Audience or circle of familiarity: 'bei + Dativ'.,level::B1 category::adjective prep::bei case::dat
A-025,Adjective,bekannt,,für,+ Akk.,"known for / famous for (a quality, product, or feature)",München ist weltweit bekannt für das berühmte Oktoberfest.,Munich is known worldwide for the famous Oktoberfest.,A2,Feature or hallmark: 'für + Akkusativ'.,level::A2 category::adjective prep::für case::akk
A-026,Adjective,beliebt,,bei,+ Dat.,popular with / liked by,Die freundliche Lehrerin ist überaus beliebt bei ihren Schülern.,The friendly teacher is extremely popular with her students.,A2,The demographic or group takes 'bei + Dativ'.,level::A2 category::adjective prep::bei case::dat
A-027,Adjective,begeistert,,von,+ Dat.,enthusiastic about / thrilled by,Das Publikum war restlos begeistert von der grandiosen Aufführung.,The audience was utterly thrilled by the magnificent performance.,A2,Takes 'von + Dativ'. Expresses immense admiration.,level::A2 category::adjective prep::von case::dat
A-028,Adjective,berühmt,,für,+ Akk.,famous for,Die Schweiz ist weltberühmt für ihre feine Schokolade und Uhren.,Switzerland is world-famous for its fine chocolate and watches.,A2,Synonym to 'bekannt für + Akk'.,level::A2 category::adjective prep::für case::akk
A-029,Adjective,beschäftigt,,mit,+ Dat.,busy with / occupied with,Er ist momentan vollauf mit den Vorbereitungen für die Messe beschäftigt.,He is currently fully occupied with preparations for the trade fair.,A2,Derived from 'sich beschäftigen mit + Dat'.,level::A2 category::adjective prep::mit case::dat
A-030,Adjective,beteiligt,,an,+ Dat.,involved in / participant in,Mehrere renommierte Firmen sind an dem Großprojekt beteiligt.,Several renowned companies are involved in the major project.,B1,Participation or partnership takes 'an + Dativ'.,level::B1 category::adjective prep::an case::dat
A-031,Adjective,eifersüchtig,,auf,+ Akk.,jealous of (in a relationship or affection),"Er ist grundlos eifersüchtig auf jeden Mann, der sie anlächelt.",He is groundlessly jealous of every man who smiles at her.,B1,Romantic or personal jealousy: 'auf + Akkusativ'.,level::B1 category::adjective prep::auf case::akk
A-032,Adjective,neidisch,,auf,+ Akk.,"envious of (possessions, success, status)",Niemand sollte neidisch auf den plötzlichen Erfolg anderer sein.,Nobody should be envious of other people's sudden success.,B1,Material or professional envy: 'auf + Akkusativ'.,level::B1 category::adjective prep::auf case::akk
A-033,Adjective,einverstanden,,mit,+ Dat.,in agreement with / agreed to,Bist du mit dieser vorgeschlagenen Regelung einverstanden?,Are you in agreement with this proposed regulation?,A2,Formula: mit etwas (Dat) einverstanden sein.,level::A2 category::adjective prep::mit case::dat
A-034,Adjective,enttäuscht,,über,+ Akk.,"disappointed about (an EVENT, outcome, or fact)",Sie war bitter enttäuscht über das schlechte Prüfungsergebnis.,She was bitterly disappointed about the poor exam result.,B1,Disappointment about a circumstance: 'über + Akkusativ'.,level::B1 category::adjective prep::über case::akk
A-035,Adjective,enttäuscht,,von,+ Dat.,disappointed in / by (a PERSON or their performance),Der Trainer war zutiefst enttäuscht von der lustlosen Mannschaft.,The coach was deeply disappointed in the listless team.,B1,Disappointment in a person: 'von + Dativ'.,level::B1 category::adjective prep::von case::dat
A-036,Adjective,entschlossen,,zu,+ Dat.,determined to / resolved upon,Die Regierung ist fest zu durchgreifenden Reformen entschlossen.,The government is firmly resolved upon radical reforms.,B1,Takes 'zu + Dativ'. Firm resolution.,level::B1 category::adjective prep::zu case::dat
A-037,Adjective,erstaunt,,über,+ Akk.,astonished at / amazed by,Wir waren sehr erstaunt über seine perfekten Deutschkenntnisse.,We were very astonished at his perfect German skills.,B1,Takes 'über + Akkusativ'.,level::B1 category::adjective prep::über case::akk
A-038,Adjective,fähig,,zu,+ Dat.,capable of,In einer Krise ist der Mensch oft zu ungeahnten Leistungen fähig.,"In a crisis, a person is often capable of unexpected achievements.",B1,Always takes 'zu + Dativ'.,level::B1 category::adjective prep::zu case::dat
A-039,Adjective,frei,,von,+ Dat.,free from / free of,Dieses Produkt ist garantiert frei von künstlichen Konservierungsstoffen.,This product is guaranteed free of artificial preservatives.,B1,Absence of unwanted substances or burdens.,level::B1 category::adjective prep::von case::dat
A-040,Adjective,freundlich,,zu,+ Dat.,friendly to / kind towards,Das Hotelpersonal war zu jeder Zeit überaus freundlich zu den Gästen.,The hotel staff was extremely friendly to guests at all times.,A2,Takes 'zu + Dativ' (less commonly: 'gegenüber + Dat').,level::A2 category::adjective prep::zu case::dat
A-041,Adjective,höflich,,zu,+ Dat.,polite to / courteous towards,Ein Kellner sollte stets höflich zu allen Kunden sein.,A waiter should always be polite to all customers.,A2,Takes 'zu + Dativ'.,level::A2 category::adjective prep::zu case::dat
A-042,Adjective,streng,,zu,+ Dat.,strict with / stern towards,Manche Eltern sind viel zu streng zu ihren heranwachsenden Kindern.,Some parents are far too strict with their adolescent children.,B1,Takes 'zu + Dativ'.,level::B1 category::adjective prep::zu case::dat
A-043,Adjective,geeignet,,für,+ Akk.,suitable for (a target group or purpose),Diese Software ist besonders gut für kleine und mittlere Betriebe geeignet.,This software is particularly well suited for small and medium-sized businesses.,B1,Takes 'für + Akkusativ'.,level::B1 category::adjective prep::für case::akk
A-044,Adjective,gespannt,,auf,+ Akk.,eager to see / in suspense about / curious about (a future outcome),Ich bin schon unheimlich gespannt auf das morgige Endspiel!,I am already incredibly curious/eager about tomorrow's final game!,A2,Anticipating a revelation or outcome. Always 'auf + Akkusativ'.,level::A2 category::adjective prep::auf case::akk
A-045,Adjective,gewöhnt,,an,+ Akk.,used to / accustomed to,Als Skandinavier ist er an eisige Winter gewöhnt.,"As a Scandinavian, he is used to freezing winters.",B1,State of being accustomed: 'an + Akkusativ'.,level::B1 category::adjective prep::an case::akk
A-046,Adjective,gut,,in,+ Dat.,"good at (a subject, discipline, or sport)",Schon als Schüler war er außergewöhnlich gut in Mathematik.,Even as a pupil he was exceptionally good at mathematics.,A1,Proficiency in a field takes 'in + Dativ'.,level::A1 category::adjective prep::in case::dat
A-047,Adjective,gut,,zu,+ Dat.,kind to / good to (a person),Er war während der schweren Zeit immer gut zu mir.,He was always kind to me during the difficult time.,A2,Interpersonal treatment: 'zu + Dativ'.,level::A2 category::adjective prep::zu case::dat
A-048,Adjective,schlecht,,in,+ Dat.,bad at / poor in (a subject or skill),Leider bin ich ziemlich schlecht in Auswendiglernen von Jahreszahlen.,"Unfortunately, I am rather bad at memorizing dates.",A2,Opposite of 'gut in + Dat'.,level::A2 category::adjective prep::in case::dat
A-049,Adjective,neugierig,,auf,+ Akk.,curious about,Die Kinder waren furchtbar neugierig auf die eingepackten Geschenke.,The children were terribly curious about the wrapped gifts.,A2,Always takes 'auf + Akkusativ'.,level::A2 category::adjective prep::auf case::akk
A-050,Adjective,nützlich,,für,+ Akk.,useful for,Diese praktischen Tipps sind besonders nützlich für Sprachanfänger.,These practical tips are particularly useful for language beginners.,B1,Utility takes 'für + Akkusativ'.,level::B1 category::adjective prep::für case::akk
A-051,Adjective,offen,,für,+ Akk.,"open to (new ideas, suggestions)",Unsere Abteilung ist jederzeit offen für innovative Vorschläge.,Our department is always open to innovative suggestions.,B1,Receptivity to suggestions: 'für + Akkusativ'.,level::B1 category::adjective prep::für case::akk
A-052,Adjective,reich,,an,+ Dat.,"rich in (vitamins, nutrients, minerals)",Frische Beeren sind besonders reich an wertvollen Vitaminen.,Fresh berries are particularly rich in valuable vitamins.,B1,Abundance of a resource takes 'an + Dativ'.,level::B1 category::adjective prep::an case::dat
A-053,Adjective,arm,,an,+ Dat.,poor in / low in,Diese karge Wüstenregion ist extrem arm an Wasser und Vegetation.,This barren desert region is extremely poor in water and vegetation.,B1,Opposite of 'reich an + Dat'.,level::B1 category::adjective prep::an case::dat
A-054,Adjective,schädlich,,für,+ Akk.,harmful to / damaging to,Plastikmüll im Meer ist extrem schädlich für die Tierwelt.,Plastic waste in the ocean is extremely harmful to wildlife.,B1,Takes 'für + Akkusativ'.,level::B1 category::adjective prep::für case::akk
A-055,Adjective,schuld,,an,+ Dat.,to blame for / at fault for,Niemand von uns ist schuld an diesem unglücklichen Unfall.,None of us is to blame for this unfortunate accident.,A2,Uninflected predicate adjective: 'schuld sein an + Dativ'.,level::A2 category::adjective prep::an case::dat
A-056,Adjective,typisch,,für,+ Akk.,typical of,Diese typische Gastfreundschaft ist bezeichnend für die Region.,This typical hospitality is characteristic of the region.,A2,Always 'für + Akkusativ'.,level::A2 category::adjective prep::für case::akk
A-057,Adjective,überzeugt,,von,+ Dat.,convinced of,Ich bin felsenfest von der Richtigkeit dieser Maßnahme überzeugt.,I am rock-solidly convinced of the correctness of this measure.,B1,Derived from 'überzeugen von + Dat'.,level::B1 category::adjective prep::von case::dat
A-058,Adjective,verantwortlich,,für,+ Akk.,responsible for,Wer ist in Ihrer Abteilung verantwortlich für die IT-Sicherheit?,Who in your department is responsible for IT security?,B1,Duty or liability takes 'für + Akkusativ'.,level::B1 category::adjective prep::für case::akk
A-059,Adjective,zuständig,,für,+ Akk.,in charge of / responsible for (an administrative duty),Frau Müller ist für die Bearbeitung aller Visa-Anträge zuständig.,Ms. Müller is in charge of processing all visa applications.,B1,Official or bureaucratic competence.,level::B1 category::adjective prep::für case::akk
A-060,Adjective,verrückt,,nach,+ Dat.,crazy about / mad about,Die Kinder sind förmlich verrückt nach italienischem Schokoladeneis.,The children are positively crazy about Italian chocolate ice cream.,A2,Obsessive liking: 'nach + Dativ'.,level::A2 category::adjective prep::nach case::dat
A-061,Adjective,besorgt,,über,+ Akk.,concerned about / perturbed by (a political/economic situation),Die Ökonomen sind besorgt über die steigende Inflation.,The economists are concerned about rising inflation.,B1,Concern regarding broader public issues: 'über + Akkusativ'.,level::B1 category::adjective prep::über case::akk
A-062,Adjective,besorgt,,um,+ Akk.,"worried about (someone's safety, health, or welfare)",Die Mutter war sehr besorgt um die Gesundheit ihres kranken Sohnes.,The mother was very worried about the health of her sick son.,B1,Worry about personal well-being or safety: 'um + Akkusativ'.,level::B1 category::adjective prep::um case::akk
A-063,Adjective,skeptisch,,gegenüber,+ Dat.,skeptical towards / about,Die Anleger stehen dem neuen Finanzplan skeptisch gegenüberüber.,Investors are skeptical towards the new financial plan.,B2,Postposition/preposition 'gegenüber' always takes Dativ.,level::B2 category::adjective prep::gegenüber case::dat
A-064,Adjective,aufgeschlossen,,gegenüber,+ Dat.,open-minded towards / receptive to,Sie zeigt sich sehr aufgeschlossen gegenüber fremden Kulturen gegenüber.,She shows herself to be very open-minded towards foreign cultures.,B2,Attitude towards others/innovations: takes Dativ.,level::B2 category::adjective prep::gegenüber case::dat
A-065,Adjective,misstrauisch,,gegenüber,+ Dat.,distrustful of / suspicious towards,Er war von Natur aus misstrauisch gegenüber Fremden gegenüber.,He was by nature suspicious towards strangers.,B2,Always takes 'gegenüber + Dativ'.,level::B2 category::adjective prep::gegenüber case::dat
A-066,Adjective,empfindlich,,gegen,+ Akk.,"sensitive to (cold, heat, light, criticism)",Meine Zähne sind extrem empfindlich gegen Kälte und Säure.,My teeth are extremely sensitive to cold and acid.,B1,Physical or sensory sensitivity: 'gegen + Akkusativ'.,level::B1 category::adjective prep::gegen case::akk
A-067,Adjective,immun,,gegen,+ Akk.,"immune to (infection, criticism, charm)",Nach der Impfung ist der Organismus immun gegen den Erreger.,"After the vaccination, the organism is immune to the pathogen.",B2,Resistance takes 'gegen + Akkusativ'.,level::B2 category::adjective prep::gegen case::akk
A-068,Adjective,allergisch,,auf,+ Akk.,"allergic to (pollen, foods) / reacting badly to",Sie reagiert stark allergisch auf Katzenhaare.,She reacts severely allergic to cat hair.,A2,Takes 'auf + Akkusativ'. (Informally also 'gegen + Akk').,level::A2 category::adjective prep::auf case::akk
A-069,Adjective,überrascht,,von,+ Dat.,caught off-guard by / surprised by (a person or unforeseen act),Der Torwart wurde völlig von dem weiten Schuss überrascht.,The goalkeeper was completely surprised by the long shot.,B1,Agent or passive cause: 'von + Dativ'.,level::B1 category::adjective prep::von case::dat
A-070,Adjective,überrascht,,über,+ Akk.,surprised at / by (an outcome or fact),Alle waren positiv überrascht über die schnelle Genesung.,Everyone was pleasantly surprised at the swift recovery.,A2,Reaction to an event: 'über + Akkusativ'.,level::A2 category::adjective prep::über case::akk
A-071,Adjective,voll,,von,+ Dat.,full of / covered in,Nach dem Waldspaziergang waren seine Schuhe voll von Schlamm.,"After the forest walk, his shoes were full of mud.",A2,Can also be used with plain Genitive ('voller Freude').,level::A2 category::adjective prep::von case::dat
A-072,Adjective,rot,,vor,+ Dat.,"red with (anger, embarrassment, shame)",Vor lauter Verlegenheit wurde der Junge knallrot vor Scham.,"Out of sheer embarrassment, the boy turned bright red with shame.",B1,Emotional involuntary physical reactions take 'vor + Dativ'.,level::B1 category::adjective prep::vor case::dat
A-073,Adjective,stumm,,vor,+ Dat.,"mute / speechless with (shock, astonishment)",Die Zeugen blieben stumm vor Entsetzen über den Vorfall.,The witnesses remained mute with horror at the incident.,B2,Emotional paralysis takes 'vor + Dativ'.,level::B2 category::adjective prep::vor case::dat
A-074,Adjective,blass,,vor,+ Dat.,"pale with (fear, shock, envy)",Er wurde kreidebleich und blass vor Angst vor der Prüfung.,He turned chalk-white and pale with fear of the exam.,B1,Takes 'vor + Dativ' (e.g. blass vor Neid).,level::B1 category::adjective prep::vor case::dat
A-075,Adjective,blind,,auf,+ Dat.,blind in (an eye - anatomical),Der alte Kater ist leider auf dem linken Auge völlig blind.,The old tomcat is unfortunately completely blind in the left eye.,B1,Physical blindness in one eye: 'auf + Dativ'.,level::B1 category::adjective prep::auf case::dat
A-076,Adjective,blind,,für,+ Akk.,"blind to (faults, dangers, risks - figurative)",Vor lauter Liebe war er blind für ihre vielen Fehler.,"Out of sheer love, he was blind to her many flaws.",B2,Figurative blindness/ignorance: 'für + Akkusativ'.,level::B2 category::adjective prep::für case::akk
A-077,Adjective,taub,,auf,+ Dat.,deaf in (an ear - anatomical),Seit der Explosion ist der Soldat auf dem rechten Ohr taub.,"Since the explosion, the soldier has been deaf in his right ear.",B1,Physical deafness in an ear: 'auf + Dativ'.,level::B1 category::adjective prep::auf case::dat
A-078,Adjective,taub,,für,+ Akk.,"deaf to (arguments, advice - figurative)",Der Diktator blieb taub für alle friedlichen Bitten des Volkes.,The dictator remained deaf to all peaceful pleas of the people.,B2,Refusing to heed reasoning: 'für + Akkusativ'.,level::B2 category::adjective prep::für case::akk
A-079,Adjective,verbittert,,über,+ Akk.,"bitter about (injustice, life circumstances)",Er war tief verbittert über die ungerechtfertigte Kündigung.,He was deeply bitter about the unjustified dismissal.,B2,Resentment takes 'über + Akkusativ'.,level::B2 category::adjective prep::über case::akk
A-080,Adjective,verärgert,,über,+ Akk.,exasperated / annoyed about,Die Passagiere waren extrem verärgert über die stundenlange Verspätung.,The passengers were extremely annoyed about the hours-long delay.,B1,Takes 'über + Akkusativ'.,level::B1 category::adjective prep::über case::akk
A-081,Adjective,aufmerksam,,auf,+ Akk.,attentive to / aware of / alerted to,Die Polizei wurde durch einen anonymen Hinweis auf das Versteck aufmerksam.,The police became aware of the hideout through an anonymous tip.,B1,Formula: aufmerksam werden/machen auf + Akk.,level::B1 category::adjective prep::auf case::akk
A-082,Adjective,hungrig,,nach,+ Dat.,"hungry for / craving (success, news, power)",Die junge Athletin ist hungrig nach neuen Rekorden und Siegen.,The young athlete is hungry for new records and victories.,B2,Figurative hunger/craving takes 'nach + Dativ'.,level::B2 category::adjective prep::nach case::dat
A-083,Adjective,durstig,,nach,+ Dat.,"thirsty for (knowledge, justice, revenge)",Wissenschaftler sind stets durstig nach neuen Erkenntnissen.,Scientists are always thirsty for new insights.,B2,Takes 'nach + Dativ'.,level::B2 category::adjective prep::nach case::dat
A-084,Adjective,süchtig,,nach,+ Dat.,addicted to,Immer mehr Jugendliche sind süchtig nach sozialen Medien.,More and more teenagers are addicted to social media.,B1,Addiction takes 'nach + Dativ'.,level::B1 category::adjective prep::nach case::dat
A-085,Adjective,besessen,,von,+ Dat.,"obsessed with (an idea, mission, perfection)",Der Erfinder war förmlich besessen von seiner neuen Vision.,The inventor was positively obsessed with his new vision.,B2,Obsession takes 'von + Dativ'.,level::B2 category::adjective prep::von case::dat
A-086,Adjective,erfreut,,über,+ Akk.,pleased about / delighted with,Wir waren außerordentlich erfreut über deinen überraschenden Besuch.,We were extraordinarily pleased about your surprise visit.,B1,Formal synonym for 'froh über + Akk'.,level::B1 category::adjective prep::über case::akk
A-087,Adjective,beunruhigt,,über,+ Akk.,perturbed about / alarmed at,Die Bürger sind zutiefst beunruhigt über die zunehmende Kriminalität.,Citizens are deeply perturbed about the increasing crime.,B2,Takes 'über + Akkusativ'.,level::B2 category::adjective prep::über case::akk
A-088,Adjective,charakteristisch,,für,+ Akk.,characteristic of,Die spitzen Türme sind absolut charakteristisch für diese gotische Kathedrale.,The pointed towers are absolutely characteristic of this Gothic cathedral.,B2,Distinctive feature: 'für + Akkusativ'.,level::B2 category::adjective prep::für case::akk
A-089,Adjective,entscheidend,,für,+ Akk.,decisive for / crucial to,Gute Teamarbeit ist oft entscheidend für den Projekterfolg.,Good teamwork is often decisive for project success.,B1,Takes 'für + Akkusativ'.,level::B1 category::adjective prep::für case::akk
A-090,Adjective,gefasst,,auf,+ Akk.,braced for / prepared for (unpleasant news or hardship),Man muss im Leben auf alle bösen Überraschungen gefasst sein.,One must be braced for all bad surprises in life.,B2,Formula: gefasst sein auf + Akk (prepared for negative eventualities).,level::B2 category::adjective prep::auf case::akk
A-091,Adjective,nett,,zu,+ Dat.,kind to / nice to (a person),Sei bitte immer nett zu deinen jüngeren Geschwistern!,Please always be nice to your younger siblings!,A1,Formula: nett sein zu + Dativ.,level::A1 category::adjective prep::zu case::dat
A-092,Adjective,beeindruckt,,von,+ Dat.,impressed by,Die Prüfungskommission war sichtlich beeindruckt von ihrem fundierten Fachwissen.,The examination board was visibly impressed by her sound specialist knowledge.,A2,Takes 'von + Dativ'. Very high frequency.,level::A2 category::adjective prep::von case::dat
A-093,Adjective,fasziniert,,von,+ Dat.,fascinated by,Die Kinder waren völlig fasziniert von den bunten Fischen im Aquarium.,The children were completely fascinated by the colorful fish in the aquarium.,B1,Takes 'von + Dativ'.,level::B1 category::adjective prep::von case::dat
A-094,Adjective,erfahren,,in,+ Dat.,experienced in / skilled at,Sie ist außerordentlich erfahren in der Leitung internationaler Projekte.,She is extraordinarily experienced in managing international projects.,B1,Professional competence takes 'in + Dativ'.,level::B1 category::adjective prep::in case::dat
A-095,Adjective,sicher,,vor,+ Dat.,"safe from (danger, persecution, bad weather)",In der gemütlichen Berghütte waren die Wanderer sicher vor dem Unwetter.,"In the cozy mountain hut, the hikers were safe from the storm.",A2,Protection from harm takes 'vor + Dativ'.,level::A2 category::adjective prep::vor case::dat
A-096,Adjective,geschützt,,vor,+ Dat.,protected from / shielded against,Die sensible Elektronik ist gut vor Feuchtigkeit und Staub geschützt.,The sensitive electronics are well protected from moisture and dust.,B1,Takes 'vor + Dativ'.,level::B1 category::adjective prep::vor case::dat
A-097,Adjective,getrennt,,von,+ Dat.,separated from,Seit zwei Jahren lebt er getrennt von seiner Ehefrau.,He has been living separated from his wife for two years.,A2,Physical or marital separation takes 'von + Dativ'.,level::A2 category::adjective prep::von case::dat
A-098,Adjective,gleichgültig,,gegenüber,+ Dat.,indifferent towards / unconcerned about,Man darf dem Leid anderer Menschen niemals gegenüber gleichgültig sein.,One must never be indifferent towards the suffering of other people.,B2,Takes 'gegenüber + Dativ'. Can appear before or after the dative noun.,level::B2 category::adjective prep::gegenüber case::dat
A-099,Adjective,machtlos,,gegen,+ Akk.,powerless against,Gegenüber extremen Naturgewalten ist der Mensch oft völlig machtlos gegen die Zerstörung.,"Against extreme forces of nature, man is often completely powerless against destruction.",B1,Takes 'gegen + Akkusativ'.,level::B1 category::adjective prep::gegen case::akk
A-100,Adjective,entsetzt,,über,+ Akk.,horrified at / appalled at,Die ganze Welt war entsetzt über das verheerende Erdbeben.,The whole world was horrified at the devastating earthquake.,B2,Extreme shock takes 'über + Akkusativ'.,level::B2 category::adjective prep::über case::akk
A-101,Adjective,empört,,über,+ Akk.,indignant at / outraged about,Die Belegschaft war empört über die plötzliche Schließung des Werks.,The workforce was outraged about the sudden closure of the plant.,B2,Moral indignation takes 'über + Akkusativ'.,level::B2 category::adjective prep::über case::akk
A-102,Adjective,sehnsüchtig,,nach,+ Dat.,longing for / yearning for,Der Exilant sehnte sich und blickte sehnsüchtig nach seiner fernen Heimat.,The exile looked with yearning toward his distant homeland.,B2,Emotional longing takes 'nach + Dativ'.,level::B2 category::adjective prep::nach case::dat
N-001,Noun,die Angst,,vor,+ Dat.,fear of / anxiety about,Viele Kinder haben große Angst vor der Dunkelheit.,Many children have great fear of the dark.,A1,Corresponds to 'sich fürchten vor + Dat'. Always takes 'vor + Dativ'.,level::A1 category::noun prep::vor case::dat
N-002,Noun,die Hoffnung,,auf,+ Akk.,hope for,Die Patienten haben noch immer berechtigte Hoffnung auf eine baldige Genesung.,The patients still have justified hope for a speedy recovery.,A2,Corresponds to 'hoffen auf + Akk'. Always takes 'auf + Akkusativ'.,level::A2 category::noun prep::auf case::akk
N-003,Noun,das Interesse,,für,+ Akk.,interest for / passion for,Sein großes Interesse für fremde Sprachen zeigte sich schon früh.,His great interest for foreign languages showed itself early.,B1,Corresponds to 'sich interessieren für + Akk'. Takes 'für + Akkusativ'.,level::B1 category::noun prep::für case::akk
N-004,Noun,das Interesse,,an,+ Dat.,"interest in (a field, topic, or person)",Das allgemeine Interesse an erneuerbaren Energien wächst rasant.,General interest in renewable energy is growing rapidly.,A2,Corresponds to 'interessiert sein an + Dat'. Takes 'an + Dativ'.,level::A2 category::noun prep::an case::dat
N-005,Noun,die Freude,,an,+ Dat.,enjoyment in / pleasure derived from (an activity or hobby),Er hat die Freude an der täglichen Musikarbeit nie verloren.,He never lost the pleasure in his daily musical work.,B1,Deriving joy from doing something (Freude haben an + Dat).,level::B1 category::noun prep::an case::dat
N-006,Noun,die Freude,,über,+ Akk.,gladness about / pleasure in (PRESENT/PAST event or gift),Die Freude über das unerwartete Geschenk stand ihm ins Gesicht geschrieben.,The joy about the unexpected gift was written all over his face.,A2,Reaction to present/past: corresponds to 'sich freuen über + Akk'.,level::A2 category::noun prep::über case::akk
N-007,Noun,die Freude,,auf,+ Akk.,joy of anticipation / looking forward to (FUTURE event),Die Vorfreude und Freude auf das bevorstehende Weihnachtsfest war riesig.,The anticipation and joy for the upcoming Christmas celebration was huge.,A2,Future anticipation: corresponds to 'sich freuen auf + Akk'.,level::A2 category::noun prep::auf case::akk
N-008,Noun,die Frage,,nach,+ Dat.,question about / inquiry regarding,Die Frage nach dem Sinn des Lebens beschäftigt Philosophen seit Jahrtausenden.,The question about the meaning of life has occupied philosophers for millennia.,A2,Corresponds to 'fragen nach + Dat'. Always 'nach + Dativ'.,level::A2 category::noun prep::nach case::dat
N-009,Noun,die Antwort,,auf,+ Akk.,answer to / response to,Die Antwort auf diese schwierige Frage blieb er uns schuldig.,He remained indebted to us for the answer to this difficult question.,A1,Corresponds to 'antworten auf + Akk'. Always 'auf + Akkusativ'.,level::A1 category::noun prep::auf case::akk
N-010,Noun,die Bitte,,um,+ Akk.,request for,Seine Bitte um finanzielle Unterstützung wurde wohlwollend geprüft.,His request for financial support was benevolently examined.,A2,Corresponds to 'bitten um + Akk'.,level::A2 category::noun prep::um case::akk
N-011,Noun,der Dank,,für,+ Akk.,gratitude for / thanks for,Als Dank für die Einladung brachte sie einen herrlichen Blumenstrauß mit.,"As thanks for the invitation, she brought along a wonderful bouquet of flowers.",A1,Corresponds to 'danken für + Akk'.,level::A1 category::noun prep::für case::akk
N-012,Noun,der Glückwunsch,,zu,+ Dat.,congratulations on,Herzlichen Glückwunsch zu deinem heutigen Geburtstag!,Warm congratulations on your birthday today!,A1,Corresponds to 'gratulieren zu + Dat'. Always 'zu + Dativ'.,level::A1 category::noun prep::zu case::dat
N-013,Noun,die Einladung,,zu,+ Dat.,invitation to,Vielen Dank für die freundliche Einladung zu deiner Hochzeit.,Thank you very much for the kind invitation to your wedding.,A1,Corresponds to 'einladen zu + Dat'.,level::A1 category::noun prep::zu case::dat
N-014,Noun,der Zweifel,,an,+ Dat.,doubt about,Es gibt berechtigte Zweifel an der Glaubwürdigkeit des Zeugen.,There are justified doubts about the witness's credibility.,B1,Corresponds to 'zweifeln an + Dat'. Always 'an + Dativ'.,level::B1 category::noun prep::an case::dat
N-015,Noun,die Kritik,,an,+ Dat.,criticism of,Die scharfe Kritik an den neuen Sparmaßnahmen war unüberhörbar.,The sharp criticism of the new austerity measures was unmistakable.,B1,Formula: Kritik an + Dat üben (to level criticism at).,level::B1 category::noun prep::an case::dat
N-016,Noun,die Erinnerung,,an,+ Akk.,memory of / reminder of,Die lebendige Erinnerung an diesen Sommertag verblasste nie.,The vivid memory of that summer day never faded.,B1,Corresponds to 'sich erinnern an + Akk'. Always 'an + Akkusativ'.,level::B1 category::noun prep::an case::akk
N-017,Noun,die Suche,,nach,+ Dat.,search for / quest for,Die Ermittler sind fieberhaft auf der Suche nach neuen Spuren.,The investigators are feverishly on the search for new clues.,A2,Formula: auf der Suche nach + Dat sein. Corresponds to 'suchen nach'.,level::A2 category::noun prep::nach case::dat
N-018,Noun,der Glaube,,an,+ Akk.,faith in / belief in,Sein unerschütterlicher Glaube an den Sieg gab der Mannschaft Kraft.,His unshakeable faith in victory gave the team strength.,B1,Corresponds to 'glauben an + Akk'.,level::B1 category::noun prep::an case::akk
N-019,Noun,die Furcht,,vor,+ Dat.,dread of / fear of,Aus Furcht vor möglichen Konsequenzen schwieg er beharrlich.,"Out of fear of possible consequences, he remained stubbornly silent.",B1,Corresponds to 'sich fürchten vor + Dat'. Elevated synonym of 'Angst vor'.,level::B1 category::noun prep::vor case::dat
N-020,Noun,die Entscheidung,,gegen,+ Akk.,decision against,Die Entscheidung gegen den Neubau stieß auf breite Zustimmung.,The decision against the new building met with broad approval.,B1,Corresponds to 'sich entscheiden gegen + Akk'.,level::B1 category::noun prep::gegen case::akk
N-021,Noun,die Entscheidung,,für,+ Akk.,decision in favor of,Ihre bewusste Entscheidung für diesen Beruf hat sie nie bereut.,She never regretted her conscious decision in favor of this profession.,B1,Corresponds to 'sich entscheiden für + Akk'.,level::B1 category::noun prep::für case::akk
N-022,Noun,die Entschuldigung,,für,+ Akk.,apology for (a mistake or delay),Er überreichte ihr eine schriftliche Entschuldigung für sein Fehlverhalten.,He handed her a written apology for his misconduct.,A2,The reason takes 'für + Akkusativ'.,level::A2 category::noun prep::für case::akk
N-023,Noun,das Verständnis,,für,+ Akk.,understanding for / sympathy with,Wir bitten alle Fahrgäste um Verständnis für die Unannehmlichkeiten.,We ask all passengers for understanding for the inconveniences.,B1,Formula: Verständnis für etwas haben/bitten.,level::B1 category::noun prep::für case::akk
N-024,Noun,die Rücksicht,,auf,+ Akk.,consideration for / regard for,Aus Rücksicht auf die schlafenden Nachbarn machten wir die Musik leiser.,"Out of consideration for the sleeping neighbors, we turned the music down.",B1,Idiom: Rücksicht auf jemanden/etwas nehmen.,level::B1 category::noun prep::auf case::akk
N-025,Noun,das Vertrauen,,auf,+ Akk.,"reliance on / confidence in (abilities, divine help)",Ihr festes Vertrauen auf die eigene Stärke half ihr durch die Krise.,Her firm trust in her own strength helped her through the crisis.,B1,Faith in a principle or capability: 'auf + Akkusativ'.,level::B1 category::noun prep::auf case::akk
N-026,Noun,das Vertrauen,,zu,+ Dat.,trust in / confidence towards (a PERSON),Die Patienten haben großes Vertrauen zu ihrem behandelnden Arzt.,The patients have great trust in their attending physician.,B1,Interpersonal trust in someone: 'zu + Dativ'.,level::B1 category::noun prep::zu case::dat
N-027,Noun,das Misstrauen,,gegenüber,+ Dat.,distrust towards / suspicion of,Sein tiefes Misstrauen gegenüber fremden Personen gegenüber war spürbar.,His deep distrust towards strangers was palpable.,B1,Takes 'gegenüber + Dativ'.,level::B1 category::noun prep::gegenüber case::dat
N-028,Noun,die Abhängigkeit,,von,+ Dat.,dependence on / addiction to,Die wirtschaftliche Abhängigkeit von fossilen Brennstoffen soll sinken.,Economic dependence on fossil fuels is intended to decrease.,B1,Corresponds to 'abhängen von + Dat'.,level::B1 category::noun prep::von case::dat
N-029,Noun,die Begeisterung,,für,+ Akk.,enthusiasm for / passion for,Ihre Begeisterung für klassische Literatur war regelrecht ansteckend.,Her enthusiasm for classical literature was downright infectious.,B1,Takes 'für + Akkusativ' (or 'von + Dat' when referring to a specific performance).,level::B1 category::noun prep::für case::akk
N-030,Noun,die Bereitschaft,,zu,+ Dat.,willingness to / readiness for,Die Bereitschaft zu einem konstruktiven Dialog ist auf beiden Seiten da.,The readiness for a constructive dialogue is present on both sides.,B1,Corresponds to 'bereit sein zu + Dat'.,level::B1 category::noun prep::zu case::dat
N-031,Noun,der Bericht,,über,+ Akk.,report on / account of,Der ausführliche Bericht über die Konferenz erschien heute Morgen.,The detailed report on the conference appeared this morning.,A2,Corresponds to 'berichten über + Akk'.,level::A2 category::noun prep::über case::akk
N-032,Noun,die Bewerbung,,um,+ Akk.,application for (a position or grant),Ihre Bewerbung um die freie Leitungsstelle war von Erfolg gekrönt.,Her application for the vacant management position was crowned with success.,B1,Target role takes 'um + Akkusativ'.,level::B1 category::noun prep::um case::akk
N-033,Noun,die Beziehung,,zu,+ Dat.,relationship with / connection to,Er pflegt seit vielen Jahren eine enge Beziehung zu seinen Nachbarn.,For many years he has maintained a close relationship with his neighbors.,B1,Interpersonal relationship takes 'zu + Dativ'.,level::B1 category::noun prep::zu case::dat
N-034,Noun,die Diskussion,,über,+ Akk.,discussion about / debate on,Die hitzige Diskussion über das Rauchverbot dauerte mehrere Stunden.,The heated discussion about the smoking ban lasted several hours.,A2,Topic of discussion takes 'über + Akkusativ'.,level::A2 category::noun prep::über case::akk
N-035,Noun,die Eifersucht,,auf,+ Akk.,jealousy of,Seine unkontrollierte Eifersucht auf ihre Kollegen zerstörte die Partnerschaft.,His uncontrolled jealousy of her colleagues destroyed the partnership.,B1,Corresponds to 'eifersüchtig auf + Akk'.,level::B1 category::noun prep::auf case::akk
N-036,Noun,der Neid,,auf,+ Akk.,envy of (possessions or success),Aus Neid auf seinen beruflichen Erfolg verbreitete man böse Gerüchte.,"Out of envy of his professional success, malicious rumors were spread.",B1,Corresponds to 'neidisch auf + Akk'.,level::B1 category::noun prep::auf case::akk
N-037,Noun,die Fähigkeit,,zu,+ Dat.,ability to / capability of,Die Fähigkeit zu kritischem Denken ist eine Grundvoraussetzung für die Wissenschaft.,The ability for critical thinking is a fundamental prerequisite for science.,B2,Corresponds to 'fähig sein zu + Dat'.,level::B2 category::noun prep::zu case::dat
N-038,Noun,die Geduld,,mit,+ Dat.,patience with,Der junge Lehrer bewies bewundernswerte Geduld mit den unruhigen Schülern.,The young teacher proved admirable patience with the restless pupils.,B1,Takes 'mit + Dativ'.,level::B1 category::noun prep::mit case::dat
N-039,Noun,die Gelegenheit,,zu,+ Dat.,opportunity for / chance to,Nutzen Sie bei der Konferenz die einmalige Gelegenheit zu neuen Kontakten!,"At the conference, seize the unique opportunity for new contacts!",B1,Often combined with an infinitive clause: 'Gelegenheit haben zu + Inf'.,level::B1 category::noun prep::zu case::dat
N-040,Noun,die Gewöhnung,,an,+ Akk.,habituation to / acclimatization to,Die Gewöhnung an das ungewohnte Schichtarbeitssystem dauert oft Wochen.,Acclimatization to the unfamiliar shift work system often takes weeks.,B2,Corresponds to 'sich gewöhnen an + Akk'.,level::B2 category::noun prep::an case::akk
N-041,Noun,der Grund,,für,+ Akk.,reason for / cause of,Es gibt bisher keinen ersichtlichen Grund für diese drastische Maßnahme.,There is so far no apparent reason for this drastic measure.,A2,Takes 'für + Akkusativ'.,level::A2 category::noun prep::für case::akk
N-042,Noun,der Hinweis,,auf,+ Akk.,clue to / reference to / pointer toward,Die Ermittler fanden einen entscheidenden Hinweis auf den Aufenthaltsort des Täters.,Investigators found a decisive clue to the whereabouts of the perpetrator.,B1,Corresponds to 'hinweisen auf + Akk'.,level::B1 category::noun prep::auf case::akk
N-043,Noun,der Kampf,,gegen,+ Akk.,fight against / struggle against,Der weltweite Kampf gegen die Armut erfordert gemeinsame Anstrengungen.,The global fight against poverty requires joint efforts.,B1,Corresponds to 'kämpfen gegen + Akk'.,level::B1 category::noun prep::gegen case::akk
N-044,Noun,der Kampf,,für,+ Akk.,"fight for / struggle for (rights, freedom)",Ihr unermüdlicher Kampf für Bürgerrechte inspirierte Generationen.,Her tireless fight for civil rights inspired generations.,B1,Corresponds to 'kämpfen für + Akk'.,level::B1 category::noun prep::für case::akk
N-045,Noun,der Kampf,,um,+ Akk.,"struggle for / fight over (survival, power, custody)",Der erbitterte Kampf um die politische Macht spitzt sich weiter zu.,The bitter struggle for political power continues to intensify.,B2,Corresponds to 'kämpfen um + Akk'.,level::B2 category::noun prep::um case::akk
N-046,Noun,der Mangel,,an,+ Dat.,lack of / deficiency in,In vielen Krankenhäusern herrscht akuter Mangel an qualifiziertem Pflegepersonal.,"In many hospitals, there is an acute lack of qualified nursing staff.",B1,Corresponds to 'mangeln an + Dat'. Always 'an + Dativ'.,level::B1 category::noun prep::an case::dat
N-047,Noun,der Mut,,zu,+ Dat.,courage for / courage to (make a change or stand up),Man braucht oft großen Mut zu einer ehrlichen Veränderung im Leben.,One often needs great courage for an honest change in life.,B1,Formula: Mut zu etwas (Dat) haben.,level::B1 category::noun prep::zu case::dat
N-048,Noun,die Nachfrage,,nach,+ Dat.,demand for (goods or services in an economy),Die weltweite Nachfrage nach Elektrofahrzeugen ist sprunghaft gestiegen.,Global demand for electric vehicles has jumped dramatically.,B1,Economic term: Nachfrage nach + Dat (opposite of Angebot an + Dat).,level::B1 category::noun prep::nach case::dat
N-049,Noun,das Angebot,,an,+ Dat.,"supply of / range of (products, goods)",Der Wochenmarkt bietet ein reichhaltiges Angebot an frischem Gemüse.,The weekly market offers a rich supply of fresh vegetables.,B1,Takes 'an + Dativ'.,level::B1 category::noun prep::an case::dat
N-050,Noun,die Neugier,,auf,+ Akk.,curiosity about,Seine unstillbare Neugier auf fremde Länder trieb ihn in die Ferne.,His insatiable curiosity about foreign lands drove him abroad.,B1,Corresponds to 'neugierig auf + Akk'.,level::B1 category::noun prep::auf case::akk
N-051,Noun,der Protest,,gegen,+ Akk.,protest against,Der lautstarke Protest gegen den Abriss des historischen Theaters war erfolgreich.,The vocal protest against the demolition of the historic theater was successful.,B1,Corresponds to 'protestieren gegen + Akk'.,level::B1 category::noun prep::gegen case::akk
N-052,Noun,die Reaktion,,auf,+ Akk.,reaction to / response to,Die erste Reaktion auf den neuen Gesetzesentwurf fiel gespalten aus.,The initial reaction to the new bill turned out divided.,B1,Corresponds to 'reagieren auf + Akk'.,level::B1 category::noun prep::auf case::akk
N-053,Noun,der Schutz,,vor,+ Dat.,protection from / shelter against,Die dicke Mauer bot den Dorfbewohnern Schutz vor den kalten Nordwinden.,The thick wall offered the villagers protection from the cold north winds.,A2,Corresponds to 'schützen vor + Dat'.,level::A2 category::noun prep::vor case::dat
N-054,Noun,die Sehnsucht,,nach,+ Dat.,longing for / yearning for,Im Exil überkam ihn eine unbändige Sehnsucht nach den Bergen seiner Heimat.,"In exile, an uncontrollable longing for the mountains of his homeland overcame him.",B1,Corresponds to 'sich sehnen nach + Dat'. Always 'nach + Dativ'.,level::B1 category::noun prep::nach case::dat
N-055,Noun,die Sorge,,für,+ Akk.,"care for / provision for (maintenance, custody)",Die finanzielle Sorge für die betagten Eltern übernahmen die Geschwister gemeinsam.,The siblings jointly assumed financial care for their aged parents.,B2,Provision: 'Sorge tragen für + Akk' or 'sorgen für + Akk'.,level::B2 category::noun prep::für case::akk
N-056,Noun,die Sorge,,um,+ Akk.,worry about / concern for (safety or well-being),Die elterliche Sorge um das Wohl des verunglückten Kindes war grenzenlos.,Parental worry for the injured child's well-being was boundless.,B1,Corresponds to 'sich sorgen um + Akk'.,level::B1 category::noun prep::um case::akk
N-057,Noun,der Streit,,um,+ Akk.,dispute over / contest for (an asset or prize),Der jahrelange Streit um das Erbe der wohlhabenden Tante zerriss die Familie.,The years-long dispute over the wealthy aunt's inheritance tore the family apart.,B1,Object contested: 'um + Akkusativ'.,level::B1 category::noun prep::um case::akk
N-058,Noun,der Streit,,über,+ Akk.,quarrel / argument about (a topic),Der endlose Streit über die Aufteilung des Budgets blockierte die Arbeit.,The endless quarrel about dividing the budget blocked work.,B1,Topic: 'über + Akkusativ'. Corresponds to 'streiten über'.,level::B1 category::noun prep::über case::akk
N-059,Noun,der Traum,,von,+ Dat.,dream of / about,Ihr langgehegter Traum von einem eigenen Biobauernhof ging endlich in Erfüllung.,Her long-cherished dream of her own organic farm finally came true.,A2,Corresponds to 'träumen von + Dat'.,level::A2 category::noun prep::von case::dat
N-060,Noun,die Verantwortung,,für,+ Akk.,responsibility for,Der Manager übernahm die volle Verantwortung für den schweren Fehler.,The manager assumed full responsibility for the serious error.,B1,Formula: die Verantwortung für etwas (Akk) tragen/übernehmen.,level::B1 category::noun prep::für case::akk
N-061,Noun,der Vergleich,,zu,+ Dat.,comparison to / compared with,Im Vergleich zu den Vorjahren ist der Umsatz dieses Jahr deutlich gewachsen.,"Compared to previous years, turnover has grown significantly this year.",B1,Fixed prepositional phrase: 'im Vergleich zu + Dativ'.,level::B1 category::noun prep::zu case::dat
N-062,Noun,das Verhältnis,,zu,+ Dat.,relationship with / attitude towards (a person or group),Er hat ein überaus harmonisches Verhältnis zu seinen Schwiegereltern.,He has an exceedingly harmonious relationship with his in-laws.,B1,Relationship towards people: takes 'zu + Dativ'.,level::B1 category::noun prep::zu case::dat
N-063,Noun,der Verzicht,,auf,+ Akk.,renunciation of / doing without,Der bewusste Verzicht auf Fleisch schont die Umwelt und die Gesundheit.,The conscious renunciation of meat protects the environment and health.,B2,Corresponds to 'verzichten auf + Akk'.,level::B2 category::noun prep::auf case::akk
N-064,Noun,die Vorstellung,,von,+ Dat.,idea of / concept of,Hast du eine genaue Vorstellung von dem Arbeitsaufwand dieses Projekts?,Do you have an accurate idea of the workload of this project?,A2,Formula: eine Vorstellung von etwas (Dat) haben.,level::A2 category::noun prep::von case::dat
N-065,Noun,die Warnung,,vor,+ Dat.,warning against / warning of,Trotz der deutlichen Warnung vor den Lawinen wagten sich die Skifahrer ins freie Gelände.,"Despite the clear warning of avalanches, the skiers ventured into open terrain.",B1,Corresponds to 'warnen vor + Dat'. Always 'vor + Dativ'.,level::B1 category::noun prep::vor case::dat
N-066,Noun,der Wunsch,,nach,+ Dat.,desire for / wish for,Sein inniger Wunsch nach Ruhe und Erholung wurde endlich wahr.,His heartfelt desire for peace and rest finally came true.,A2,Aspiration for a state takes 'nach + Dativ'.,level::A2 category::noun prep::nach case::dat
N-067,Noun,die Zufriedenheit,,mit,+ Dat.,satisfaction with,Die allgemeine Zufriedenheit mit dem neuen Produkt ist erfreulich hoch.,General satisfaction with the new product is gratifyingly high.,B1,Corresponds to 'zufrieden mit + Dat'.,level::B1 category::noun prep::mit case::dat
N-068,Noun,der Zusammenhang,,mit,+ Dat.,connection with / correlation with,Gibt es einen direkten Zusammenhang mit der Ernährung und der Krankheit?,Is there a direct connection between diet and the disease?,B2,Formula: in Zusammenhang mit etwas (Dat) stehen.,level::B2 category::noun prep::mit case::dat
I-001,Noun-Verb Idiom,in Frage kommen,möglich sein / denkbar sein,in Frage,+ Akk.,to be possible / to be considered / to be an option,Ein weiterer Aufschub des Projekts kommt für uns keinesfalls in Frage.,A further postponement of the project is out of the question for us.,B1,Very common in negative: 'nicht in Frage kommen' = out of the question.,level::B1 category::idiom prep::in case::akk
I-002,Noun-Verb Idiom,zur Verfügung stehen,vorhanden sein / verfügbar sein,zur Verfügung,+ Dat.,to be available / to be at someone's disposal (PASSIVE),Für Fragen und Beratungen stehe ich Ihnen jederzeit gerne zur Verfügung.,I am gladly at your disposal at any time for questions and consultations.,B1,Passive state. Contrast with the active 'zur Verfügung stellen'!,level::B1 category::idiom prep::zu case::dat
I-003,Noun-Verb Idiom,zur Verfügung stellen,bereitstellen / anbieten,zur Verfügung,+ Dat.,to make available / to provide / to supply (ACTIVE),Die Universität stellt den Forschern modernste Labore zur Verfügung.,The university makes state-of-the-art laboratories available to the researchers.,B1,Active provision. Contrast with 'zur Verfügung stehen'!,level::B1 category::idiom prep::zu case::dat
I-004,Noun-Verb Idiom,in Betracht kommen,möglich sein / in Frage kommen,in Betracht,+ Akk.,to come into consideration / to be eligible,Für diesen anspruchsvollen Posten kommen nur wenige Kandidaten in Betracht.,Only a few candidates come into consideration for this demanding post.,B2,Passive potentiality: eligible or considered for a role.,level::B2 category::idiom prep::in case::akk
I-005,Noun-Verb Idiom,in Betracht ziehen,überlegen / abwägen / berücksichtigen,in Betracht,+ Akk.,to take into consideration / to contemplate,Wir müssen alle denkbaren Risiken sorgfältig in Betracht ziehen.,We must carefully take all conceivable risks into consideration.,B1,Active decision making: jemanden/etwas in Betracht ziehen.,level::B1 category::idiom prep::in case::akk
I-006,Noun-Verb Idiom,unter Beweis stellen,beweisen,unter Beweis,+ Akk.,"to prove / to demonstrate (skills, courage)",Im entscheidenden Spiel stellte sie ihre herausragende Klasse unter Beweis.,"In the decisive match, she proved her outstanding class.",B2,Formula: sein Können / Mut unter Beweis stellen.,level::B2 category::idiom prep::unter case::akk
I-007,Noun-Verb Idiom,Abschied nehmen von,sich verabschieden,Abschied nehmen,+ Dat.,to say goodbye to / to bid farewell to,Vor der langen Auslandsreise mussten wir schweren Herzens Abschied nehmen von unseren Freunden.,"Before the long trip abroad, we had to bid farewell to our friends with a heavy heart.",B1,Elevated expression for 'sich verabschieden von + Dat'.,level::B1 category::idiom prep::von case::dat
I-008,Noun-Verb Idiom,außer Kraft setzen,aufheben / annullieren,außer Kraft,+ Dat.,to repeal / to invalidate / to suspend,Das Verfassungsgericht setzte das umstrittene Gesetz mit sofortiger Wirkung außer Kraft.,The Constitutional Court repealed the controversial law with immediate effect.,B2,Opposite of 'in Kraft treten/setzen'.,level::B2 category::idiom prep::außer case::dat
I-009,Noun-Verb Idiom,in Kraft treten,gültig werden,in Kraft,+ Akk.,"to take effect / to come into force (laws, regulations)",Die neue europäische Datenschutzverordnung tritt ab Januar in Kraft.,The new European data protection regulation takes effect from January.,B2,Standard legal/journalistic term for legislation taking effect.,level::B2 category::idiom prep::in case::akk
I-010,Noun-Verb Idiom,zur Sprache bringen,ansprechen / thematisieren,zur Sprache,+ Dat.,to bring up for discussion / to raise a topic (ACTIVE),Der Betriebsrat wollte die schlechte Bezahlung in der Sitzung zur Sprache bringen.,The works council wanted to bring up poor pay for discussion in the meeting.,B2,Active raising of a subject. Contrast with 'zur Sprache kommen'!,level::B2 category::idiom prep::zu case::dat
I-011,Noun-Verb Idiom,zur Sprache kommen,besprochen werden,zur Sprache,+ Dat.,to come up for discussion / to be discussed (PASSIVE),In der heutigen Kabinettssitzung kam auch die Bildungsreform zur Sprache.,"In today's cabinet meeting, education reform also came up for discussion.",B2,Passive occurrence of a topic in conversation.,level::B2 category::idiom prep::zu case::dat
I-012,Noun-Verb Idiom,ums Leben kommen,sterben (durch Unfall/Gewalt),ums Leben,+ Akk.,to lose one's life / to be killed (in an accident or catastrophe),Bei dem schweren Autounfall auf der Autobahn kamen zwei Insassen ums Leben.,"In the severe car crash on the highway, two occupants lost their lives.",B1,High frequency in news reporting for accidental or unnatural deaths.,level::B1 category::idiom prep::um case::akk
I-013,Noun-Verb Idiom,in Kauf nehmen,akzeptieren / hinnehmen,in Kauf,+ Akk.,to accept / to put up with (negative side-effects or risks),"Wer schnell reisen will, muss gelegentliche Verspätungen in Kauf nehmen.",Whoever wants to travel fast must put up with occasional delays.,B2,Willingly accepting an unavoidable disadvantage.,level::B2 category::idiom prep::in case::akk
I-014,Noun-Verb Idiom,zu Ende bringen,beenden / abschließen,zu Ende,+ Dat.,to bring to an end / to finish (ACTIVE),Trotz aller Widrigkeiten brachten die Bauherren das Projekt erfolgreich zu Ende.,"Despite all adversities, the builders successfully brought the project to completion.",A2,Actively concluding a task or project.,level::A2 category::idiom prep::zu case::dat
I-015,Noun-Verb Idiom,zu Ende gehen,enden,zu Ende,+ Dat.,to come to an end / to draw to a close (PASSIVE),Ein langes und ereignisreiches Schuljahr geht nun endlich zu Ende.,A long and eventful school year is now finally coming to an end.,A2,Intransitive ending: 'Der Sommer geht zu Ende'.,level::A2 category::idiom prep::zu case::dat
I-016,Noun-Verb Idiom,unter Druck setzen,bedrängen / zwingen,unter Druck,+ Akk.,to put pressure on (a person or institution),Der Chef setzte seine Mitarbeiter mit knappen Fristen unter Druck.,The boss put his employees under pressure with tight deadlines.,B1,Active coercion or stress: jemanden unter Druck setzen.,level::B1 category::idiom prep::unter case::akk
I-017,Noun-Verb Idiom,unter Druck stehen,gestresst sein / bedrängt werden,unter Druck,+ Dat.,to be under pressure / to be stressed,Die Ärzte auf der Notaufnahme stehen ständig unter Druck.,Doctors in the emergency room are constantly under pressure.,B1,Passive state of being stressed.,level::B1 category::idiom prep::unter case::dat
I-018,Noun-Verb Idiom,in Anspruch nehmen,beanspruchen / nutzen / fordern,in Anspruch,+ Akk.,to make use of / to take up (time or energy),Die aufwendige Restaurierung wird noch viel Zeit in Anspruch nehmen.,The elaborate restoration will take up a lot more time.,B2,Very common in formal German for taking time or using a service.,level::B2 category::idiom prep::in case::akk
I-019,Noun-Verb Idiom,in Betrieb nehmen,starten / einschalten / in Betrieb setzen,in Betrieb,+ Akk.,to put into operation / to commission (a facility or device),Die Stadtwerke nahmen gestern die neue Kläranlage feierlich in Betrieb.,Yesterday the municipal utilities ceremoniously commissioned the new sewage treatment plant.,B2,Engineering and industrial commissioning.,level::B2 category::idiom prep::in case::akk
I-020,Noun-Verb Idiom,zur Folge haben,verursachen / bewirken,zur Folge,+ Dat.,to result in / to have as a consequence,Der Streik des Sicherheitspersonals hatte zahlreiche Flugausfälle zur Folge.,The strike of the security staff resulted in numerous flight cancellations.,B2,Formula: etwas (Akk) zur Folge haben.,level::B2 category::idiom prep::zu case::dat
I-021,Noun-Verb Idiom,zu Wort kommen,sprechen dürfen,zu Wort,+ Dat.,to get a chance to speak / to have one's say,In der hitzigen Debatte kam der jüngste Abgeordnete kaum zu Wort.,"In the heated debate, the youngest deputy barely got a chance to speak.",B1,Idiom for gaining the floor in a discussion.,level::B1 category::idiom prep::zu case::dat
I-022,Noun-Verb Idiom,aufs Spiel setzen,riskieren,aufs Spiel,+ Akk.,to put at stake / to gamble with / to risk (ACTIVE),Mit diesem riskanten Manöver setzte der Fahrer sein eigenes Leben aufs Spiel.,"With this risky maneuver, the driver put his own life at stake.",B2,Active endangering of an asset or life.,level::B2 category::idiom prep::auf case::akk
I-023,Noun-Verb Idiom,auf dem Spiel stehen,in Gefahr sein,auf dem Spiel,+ Dat.,to be at stake / to be in jeopardy (PASSIVE),Bei dieser richtungsweisenden Wahl steht die Zukunft des Landes auf dem Spiel.,"In this pivotal election, the future of the country is at stake.",B2,Passive peril: 'etwas steht auf dem Spiel'.,level::B2 category::idiom prep::auf case::dat
I-024,Noun-Verb Idiom,in Ordnung bringen,reparieren / regeln,in Ordnung,+ Akk.,to put in order / to fix / to straighten out,"Mach dir keine Sorgen, wir werden das Missgeschick schon wieder in Ordnung bringen.","Don't worry, we will straighten out the mishap.",A2,High frequency in everyday conversation.,level::A2 category::idiom prep::in case::akk
I-025,Noun-Verb Idiom,in Streik treten,streiken,in Streik,+ Akk.,to go on strike,Die Lokführer traten ab Mitternacht für 48 Stunden in Streik.,The train drivers went on strike from midnight for 48 hours.,B1,Labor action: in Streik treten.,level::B1 category::idiom prep::in case::akk
I-026,Noun-Verb Idiom,zum Ausdruck bringen,ausdrücken / äußern,zum Ausdruck,+ Dat.,to express / to give voice to (ACTIVE),Der Präsident brachte seine tiefe Trauer zum Ausdruck.,The president gave expression to his deep grief.,B2,Formal active formulation of feelings or opinions.,level::B2 category::idiom prep::zu case::dat
I-027,Noun-Verb Idiom,zum Ausdruck kommen,deutlich werden / sich zeigen,zum Ausdruck,+ Dat.,to be expressed / to become apparent (PASSIVE),In seinem poetischen Werk kommt die Liebe zur Natur stark zum Ausdruck.,"In his poetic work, love of nature is strongly expressed.",B2,Passive manifestation.,level::B2 category::idiom prep::zu case::dat
I-028,Noun-Verb Idiom,zu einem Entschluss kommen,sich entschließen,zu einem Entschluss,+ Dat.,to come to a decision / to make up one's mind,Nach reiflicher Überlegung kam der Vorstand endlich zu einem Entschluss.,"After mature consideration, the board finally came to a decision.",B2,Arriving at a firm choice.,level::B2 category::idiom prep::zu case::dat
I-029,Noun-Verb Idiom,außer Zweifel stehen,sicher sein / unbestreitbar sein,außer Zweifel,+ Dat.,to be beyond doubt / to be indisputable (PASSIVE),"Dass der Klimawandel vom Menschen beschleunigt wird, steht außer Zweifel.",That climate change is accelerated by humans is beyond doubt.,B2,Denotes an undeniable truth.,level::B2 category::idiom prep::außer case::dat
I-030,Noun-Verb Idiom,in Zweifel ziehen,bezweifeln,in Zweifel,+ Akk.,to call into question / to doubt (ACTIVE),"Niemand wagte es, die fachliche Autorität des Professors in Zweifel zu ziehen.",Nobody dared to call the professor's professional authority into question.,B2,Formula: etwas (Akk) in Zweifel ziehen.,level::B2 category::idiom prep::in case::akk
I-031,Noun-Verb Idiom,zur Kenntnis nehmen,wahrnehmen / registrieren / beachten,zur Kenntnis,+ Dat.,to take note of / to acknowledge,Wir haben Ihre Beschwerde zur Kenntnis genommen und prüfen den Sachverhalt.,We have taken note of your complaint and are examining the facts.,B1,Essential formal business formula.,level::B1 category::idiom prep::zu case::dat
I-032,Noun-Verb Idiom,in Kenntnis setzen,informieren / benachrichtigen,in Kenntnis,+ Akk.,to inform / to notify,"Bitte setzen Sie mich unverzüglich in Kenntnis, sobald neue Daten vorliegen.",Please notify me immediately as soon as new data is available.,B2,Formula: jemanden in Kenntnis setzen über + Akk.,level::B2 category::idiom prep::in case::akk
I-033,Noun-Verb Idiom,in Erfahrung bringen,herausfinden / erfahren,in Erfahrung,+ Akk.,to find out / to ascertain,"Der Journalist versuchte, die geheimen Hintergründe in Erfahrung zu bringen.",The journalist tried to find out the secret background.,B2,Formula: etwas (Akk) in Erfahrung bringen.,level::B2 category::idiom prep::in case::akk
I-034,Noun-Verb Idiom,zur Vernunft kommen,vernünftig werden,zur Vernunft,+ Dat.,to come to one's senses / to see reason,Hoffentlich kommt er bald zur Vernunft und beendet diesen sinnlosen Streit.,Hopefully he will come to his senses soon and end this senseless argument.,B2,Behavioral turnaround: zur Vernunft kommen.,level::B2 category::idiom prep::zu case::dat
I-035,Noun-Verb Idiom,zum Abschluss bringen,abschließen / beenden,zum Abschluss,+ Dat.,to conclude / to bring to completion,Nach jahrelangen Verhandlungen brachten die Diplomaten den Vertrag zum Abschluss.,"After years of negotiations, diplomats brought the treaty to a conclusion.",B2,Active completion of formal contracts/projects.,level::B2 category::idiom prep::zu case::dat
I-036,Noun-Verb Idiom,in Aussicht stellen,versprechen / ankündigen,in Aussicht,+ Akk.,to hold out the prospect of / to promise,Der Abteilungsleiter stellte ihm für das nächste Jahr eine Beförderung in Aussicht.,The department head held out the prospect of a promotion for him next year.,B2,Formula: jemandem (Dat) etwas (Akk) in Aussicht stellen.,level::B2 category::idiom prep::in case::akk
I-037,Noun-Verb Idiom,zur Verantwortung ziehen,verantwortlich machen / bestrafen,zur Verantwortung,+ Dat.,to hold accountable / to hold responsible,Die Verantwortlichen für den Skandal müssen vor Gericht zur Verantwortung gezogen werden.,Those responsible for the scandal must be held accountable in court.,B2,Formula: jemanden zur Verantwortung ziehen.,level::B2 category::idiom prep::zu case::dat
I-038,Noun-Verb Idiom,in die Tat umsetzen,verwirklichen / realisieren,in die Tat,+ Akk.,to put into practice / to implement / to realize,"Es reicht nicht, gute Ideen zu haben, man muss sie auch in die Tat umsetzen.","It is not enough to have good ideas, one must also put them into practice.",B2,Formula: Pläne / Ideen in die Tat umsetzen.,level::B2 category::idiom prep::in case::akk
I-039,Noun-Verb Idiom,zu Schaden kommen,verletzt werden / Schaden erleiden,zu Schaden,+ Dat.,to come to harm / to suffer injury or damage,Glücklicherweise kam bei dem Brand im Schulgebäude niemand zu Schaden.,"Fortunately, nobody came to harm in the fire in the school building.",B2,Formula: (nicht) zu Schaden kommen.,level::B2 category::idiom prep::zu case::dat
I-040,Noun-Verb Idiom,zur Last fallen,belasten / eine Bürde sein,zur Last,+ Dat.,to become a burden to someone,Die alte Dame wollte ihren erwachsenen Kindern keinesfalls zur Last fallen.,The old lady by no means wanted to become a burden to her adult children.,B2,Formula: jemandem (Dat) zur Last fallen.,level::B2 category::idiom prep::zu case::dat
I-041,Noun-Verb Idiom,in Widerspruch stehen zu,widersprechen,in Widerspruch,+ Dat.,to be in contradiction with / to conflict with,Diese Aussage steht in klarem in Widerspruch zu den früheren Zeugenaussagen.,This statement is in clear contradiction to earlier witness testimonies.,B2,Logical or factual clash: in Widerspruch stehen zu + Dat.,level::B2 category::idiom prep::in case::dat
I-042,Noun-Verb Idiom,Einfluss nehmen auf,beeinflussen,Einfluss nehmen,+ Akk.,to exert influence on / to influence,"Lobbyisten versuchten massiv, Einfluss nehmen auf die Gesetzgebung zu nehmen.",Lobbyists tried massively to exert influence on legislation.,B2,Elevated synonym for 'beeinflussen'. Takes 'auf + Akkusativ'.,level::B2 category::idiom prep::auf case::akk
I-043,Noun-Verb Idiom,in Schutz nehmen,verteidigen / schützen,in Schutz,+ Akk.,to defend / to stand up for (someone facing criticism),Die Mutter nahm ihren Sohn vor den ungerechten Anschuldigungen in Schutz.,The mother defended her son against the unfair accusations.,B2,Formula: jemanden in Schutz nehmen vor + Dat.,level::B2 category::idiom prep::in case::akk
I-044,Noun-Verb Idiom,zur Ruhe kommen,sich beruhigen / entspannen,zur Ruhe,+ Dat.,to settle down / to find peace / to wind down,Nach einem hektischen Arbeitstag möchte er abends einfach nur zur Ruhe kommen.,"After a hectic workday, in the evening he just wants to settle down.",A2,Finding calm: zur Ruhe kommen.,level::A2 category::idiom prep::zu case::dat
I-045,Noun-Verb Idiom,in Rechnung stellen,berechnen / fakturieren,in Rechnung,+ Akk.,to charge / to invoice for,Die erbrachten Reparaturleistungen werden dem Auftraggeber in Rechnung gestellt.,The repair services rendered will be invoiced to the client.,B2,Business/accounting phrase: jemandem etwas in Rechnung stellen.,level::B2 category::idiom prep::in case::akk
I-046,Noun-Verb Idiom,in Empfang nehmen,empfangen / annehmen,in Empfang,+ Akk.,"to receive / to take delivery of (guests, packages, awards)",Die Preisträgerin nahm die Auszeichnung stolz in Empfang.,The award winner proudly received the distinction.,B2,Formal reception: etwas in Empfang nehmen.,level::B2 category::idiom prep::in case::akk
I-047,Noun-Verb Idiom,unter Verdacht stehen,verdächtigt werden,unter Verdacht,+ Dat.,to be under suspicion of,"Der ehemalige Buchhalter steht unter Verdacht, Firmengelder veruntreut zu haben.",The former accountant is under suspicion of having embezzled company funds.,B2,Criminal/legal context: unter Verdacht stehen.,level::B2 category::idiom prep::unter case::dat
I-048,Noun-Verb Idiom,in Sicherheit bringen,retten / evakuieren,in Sicherheit,+ Akk.,to bring to safety / to rescue,Die Rettungskräfte brachten die Bewohner des brennenden Hauses rasch in Sicherheit.,The emergency services quickly brought the residents of the burning house to safety.,B1,Formula: sich / jemanden in Sicherheit bringen.,level::B1 category::idiom prep::in case::akk
I-049,Noun-Verb Idiom,ins Leben rufen,gründen / initiieren,ins Leben,+ Akk.,"to found / to bring into being / to initiate (an organization, project)",Die engagierten Bürger riefen eine Initiative gegen Lebensmittelverschwendung ins Leben.,The dedicated citizens brought an initiative against food waste into being.,B2,Formula: eine Initiative / ein Projekt ins Leben rufen.,level::B2 category::idiom prep::in case::akk
I-050,Noun-Verb Idiom,in Gang kommen,anlaufen / starten,in Gang,+ Akk.,to get going / to get under way,Nach den anfänglichen Verzögerungen kommt der Verkauf nun endlich in Gang.,"After initial delays, sales are now finally getting under way.",B2,Intransitive start. Active form: 'etwas in Gang setzen'.,level::B2 category::idiom prep::in case::akk
I-051,Noun-Verb Idiom,in Gang setzen,starten / in Bewegung setzen,in Gang,+ Akk.,to set in motion / to trigger,Der Beschluss setzte eine ganze Kette von weitreichenden Ereignissen in Gang.,The resolution set a whole chain of far-reaching events in motion.,B2,Active triggering of a process.,level::B2 category::idiom prep::in case::akk
